[
  {
    "id":"19246746875754224112"
   ,"Identification":{
      "Name":"Alerts"
     ,"Identifier":"ALERTS"
     ,"Class":"Custom 8"
    }
   ,"Subscription":{
      "Master":{
        "Referenced Id":"2881456138952347027"
      }
    }
   ,"Advanced":{
      "Translatable":false
    }
   ,"Attributes":{
      "Type":"Named Column (row template)"
    }
   ,"Report Template":{
      "Top":"\u003Cdiv class=\"t-Alerts #COMPONENT_CSS_CLASSES#\" #REPORT_ATTRIBUTES# id=\"#REGION_STATIC_ID#_alerts\" data-region-id=\"#REGION_STATIC_ID#\"\u003E"
     ,"Bottom":"\u003C\/div\u003E\n\u003Ctable class=\"t-Report-pagination\" role=\"presentation\"\u003E#PAGINATION#\u003C\/table\u003E"
    }
   ,"Row Template 1":{
      "Template":"\u003Cdiv class=\"t-Alert t-Alert--horizontal t-Alert--colorBG t-Alert--defaultIcons t-Alert--#ALERT_TYPE#\" role=\"alert\"\u003E\n  \u003Cdiv class=\"t-Alert-wrap\"\u003E\n    \u003Cdiv class=\"t-Alert-icon\"\u003E\n      \u003Cspan class=\"t-Icon\" aria-hidden=\"true\"\u003E\u003C\/span\u003E\n    \u003C\/div\u003E\n    \u003Cdiv class=\"t-Alert-content\"\u003E\n      \u003Cdiv class=\"t-Alert-header\"\u003E\n        \u003Ch2 class=\"t-Alert-title\"\u003E#ALERT_TITLE#\u003C\/h2\u003E\n      \u003C\/div\u003E\n      \u003Cdiv class=\"t-Alert-body\"\u003E\n        #ALERT_DESC#\n      \u003C\/div\u003E\n    \u003C\/div\u003E\n    \u003Cdiv class=\"t-Alert-buttons\"\u003E\n      #ALERT_ACTION#\n    \u003C\/div\u003E\n  \u003C\/div\u003E\n\u003C\/div\u003E"
     ,"Condition":"0"
    }
   ,"Pagination Subtemplates":{
      "Pagination":"\u003Cspan class=\"t-Report-paginationText\"\u003E#TEXT#\u003C\/span\u003E"
     ,"Next Page":"\u003Ca href=\"#LINK#\" class=\"t-Button t-Button--small t-Button--noUI t-Report-paginationLink t-Report-paginationLink--next\"\u003E\n  #PAGINATION_NEXT#\u003Cspan class=\"a-Icon icon-right-arrow\" aria-hidden=\"true\"\u003E\u003C\/span\u003E\n\u003C\/a\u003E"
     ,"Previous Page":"\u003Ca href=\"#LINK#\" class=\"t-Button t-Button--small t-Button--noUI t-Report-paginationLink t-Report-paginationLink--prev\"\u003E\n  \u003Cspan class=\"a-Icon icon-left-arrow\" aria-hidden=\"true\"\u003E\u003C\/span\u003E#PAGINATION_PREVIOUS#\n\u003C\/a\u003E"
     ,"Next Set":"\u003Ca href=\"#LINK#\" class=\"t-Button t-Button--small t-Button--noUI t-Report-paginationLink t-Report-paginationLink--next\"\u003E\n  #PAGINATION_NEXT_SET#\u003Cspan class=\"a-Icon icon-right-arrow\" aria-hidden=\"true\"\u003E\u003C\/span\u003E\n\u003C\/a\u003E"
     ,"Previous Set":"\u003Ca href=\"#LINK#\" class=\"t-Button t-Button--small t-Button--noUI t-Report-paginationLink t-Report-paginationLink--prev\"\u003E\n  \u003Cspan class=\"a-Icon icon-left-arrow\" aria-hidden=\"true\"\u003E\u003C\/span\u003E#PAGINATION_PREVIOUS_SET#\n\u003C\/a\u003E"
    }
  }
 ,{
    "id":"19246747136739224112"
   ,"Identification":{
      "Name":"Badge List"
     ,"Identifier":"BADGE_LIST"
     ,"Class":"Value Attribute Pairs"
    }
   ,"Subscription":{
      "Master":{
        "Referenced Id":"2103197159775914759"
      }
    }
   ,"Advanced":{
      "Translatable":false
    }
   ,"Template Options":{
      "Preset":[
        "t-BadgeList--large"
       ,"t-BadgeList--fixed"
       ,"t-BadgeList--circular"
      ]
    }
   ,"Attributes":{
      "Type":"Generic Columns (column template)"
    }
   ,"Report Template":{
      "Top":"\u003Cul class=\"t-BadgeList #COMPONENT_CSS_CLASSES#\" data-region-id=\"#REGION_STATIC_ID#\"\u003E"
     ,"Bottom":"\u003C\/ul\u003E\n\u003Ctable class=\"t-Report-pagination\" role=\"presentation\"\u003E#PAGINATION#\u003C\/table\u003E"
    }
   ,"Column Template 1":{
      "Template":"\u003Cli class=\"t-BadgeList-item\"\u003E\n  \u003Cspan class=\"t-BadgeList-wrap u-color\"\u003E\n    \u003Cspan class=\"t-BadgeList-label\"\u003E#COLUMN_HEADER#\u003C\/span\u003E\n    \u003Cspan class=\"t-BadgeList-value\"\u003E#COLUMN_VALUE#\u003C\/span\u003E\n  \u003C\/span\u003E\n\u003C\/li\u003E"
     ,"Condition":"0"
    }
   ,"Pagination Subtemplates":{
      "Pagination":"\u003Cspan class=\"t-Report-paginationText\"\u003E#TEXT#\u003C\/span\u003E"
     ,"Next Page":"\u003Ca href=\"#LINK#\" class=\"t-Button t-Button--small t-Button--noUI t-Report-paginationLink t-Report-paginationLink--next\"\u003E\n  #PAGINATION_NEXT#\u003Cspan class=\"a-Icon icon-right-arrow\" aria-hidden=\"true\"\u003E\u003C\/span\u003E\n\u003C\/a\u003E"
     ,"Previous Page":"\u003Ca href=\"#LINK#\" class=\"t-Button t-Button--small t-Button--noUI t-Report-paginationLink t-Report-paginationLink--prev\"\u003E\n  \u003Cspan class=\"a-Icon icon-left-arrow\" aria-hidden=\"true\"\u003E\u003C\/span\u003E#PAGINATION_PREVIOUS#\n\u003C\/a\u003E"
     ,"Next Set":"\u003Ca href=\"#LINK#\" class=\"t-Button t-Button--small t-Button--noUI t-Report-paginationLink t-Report-paginationLink--next\"\u003E\n  #PAGINATION_NEXT_SET#\u003Cspan class=\"a-Icon icon-right-arrow\" aria-hidden=\"true\"\u003E\u003C\/span\u003E\n\u003C\/a\u003E"
     ,"Previous Set":"\u003Ca href=\"#LINK#\" class=\"t-Button t-Button--small t-Button--noUI t-Report-paginationLink t-Report-paginationLink--prev\"\u003E\n  \u003Cspan class=\"a-Icon icon-left-arrow\" aria-hidden=\"true\"\u003E\u003C\/span\u003E#PAGINATION_PREVIOUS_SET#\n\u003C\/a\u003E"
    }
   ,"Template Options":[
      {
        "id":"19246747639872224113"
       ,"Identification":{
          "Name":"128px"
         ,"Identifier":"128PX"
         ,"Group":"Badge Size (19246747485132224112)"
         ,"Sequence":50
        }
       ,"Settings":{
          "Advanced":false
        }
       ,"Appearance":{
          "CSS Classes":[
            "t-BadgeList--xxlarge"
          ]
        }
      }
     ,{
        "id":"19246748063094224113"
       ,"Identification":{
          "Name":"2 Column Grid"
         ,"Identifier":"2COLUMNGRID"
         ,"Group":"Layout (19246747803506224113)"
         ,"Sequence":20
        }
       ,"Settings":{
          "Advanced":false
        }
       ,"Appearance":{
          "CSS Classes":[
            "t-BadgeList--cols"
          ]
        }
       ,"Help":{
          "Help Text":"Arrange badges in a two column grid"
        }
      }
     ,{
        "id":"19246748234251224113"
       ,"Identification":{
          "Name":"32px"
         ,"Identifier":"32PX"
         ,"Group":"Badge Size (19246747485132224112)"
         ,"Sequence":10
        }
       ,"Settings":{
          "Advanced":false
        }
       ,"Appearance":{
          "CSS Classes":[
            "t-BadgeList--small"
          ]
        }
      }
     ,{
        "id":"19246748417154224113"
       ,"Identification":{
          "Name":"3 Column Grid"
         ,"Identifier":"3COLUMNGRID"
         ,"Group":"Layout (19246747803506224113)"
         ,"Sequence":30
        }
       ,"Settings":{
          "Advanced":false
        }
       ,"Appearance":{
          "CSS Classes":[
            "t-BadgeList--cols"
           ,"t-BadgeList--3cols"
          ]
        }
       ,"Help":{
          "Help Text":"Arrange badges in a 3 column grid"
        }
      }
     ,{
        "id":"19246748672358224113"
       ,"Identification":{
          "Name":"48px"
         ,"Identifier":"48PX"
         ,"Group":"Badge Size (19246747485132224112)"
         ,"Sequence":20
        }
       ,"Settings":{
          "Advanced":false
        }
       ,"Appearance":{
          "CSS Classes":[
            "t-BadgeList--medium"
          ]
        }
      }
     ,{
        "id":"19246748889066224113"
       ,"Identification":{
          "Name":"4 Column Grid"
         ,"Identifier":"4COLUMNGRID"
         ,"Group":"Layout (19246747803506224113)"
         ,"Sequence":40
        }
       ,"Settings":{
          "Advanced":false
        }
       ,"Appearance":{
          "CSS Classes":[
            "t-BadgeList--cols"
           ,"t-BadgeList--4cols"
          ]
        }
      }
     ,{
        "id":"19246749067544224113"
       ,"Identification":{
          "Name":"5 Column Grid"
         ,"Identifier":"5COLUMNGRID"
         ,"Group":"Layout (19246747803506224113)"
         ,"Sequence":50
        }
       ,"Settings":{
          "Advanced":false
        }
       ,"Appearance":{
          "CSS Classes":[
            "t-BadgeList--cols"
           ,"t-BadgeList--5cols"
          ]
        }
      }
     ,{
        "id":"19246749287600224113"
       ,"Identification":{
          "Name":"64px"
         ,"Identifier":"64PX"
         ,"Group":"Badge Size (19246747485132224112)"
         ,"Sequence":30
        }
       ,"Settings":{
          "Advanced":false
        }
       ,"Appearance":{
          "CSS Classes":[
            "t-BadgeList--large"
          ]
        }
      }
     ,{
        "id":"19246749421178224113"
       ,"Identification":{
          "Name":"96px"
         ,"Identifier":"96PX"
         ,"Group":"Badge Size (19246747485132224112)"
         ,"Sequence":40
        }
       ,"Settings":{
          "Advanced":false
        }
       ,"Appearance":{
          "CSS Classes":[
            "t-BadgeList--xlarge"
          ]
        }
      }
     ,{
        "id":"19246749618379224113"
       ,"Identification":{
          "Name":"Apply Theme Colors"
         ,"Identifier":"APPLY_THEME_COLORS"
         ,"Sequence":10
        }
       ,"Settings":{
          "Advanced":false
        }
       ,"Appearance":{
          "CSS Classes":[
            "u-colors"
          ]
        }
      }
     ,{
        "id":"19246750008731224114"
       ,"Identification":{
          "Name":"Circular"
         ,"Identifier":"CIRCULAR"
         ,"Group":"Style (19246749817513224114)"
         ,"Sequence":20
        }
       ,"Settings":{
          "Advanced":false
        }
       ,"Appearance":{
          "CSS Classes":[
            "t-BadgeList--circular"
          ]
        }
      }
     ,{
        "id":"19246750241436224114"
       ,"Identification":{
          "Name":"Span Horizontally"
         ,"Identifier":"FIXED"
         ,"Group":"Layout (19246747803506224113)"
         ,"Sequence":60
        }
       ,"Settings":{
          "Advanced":false
        }
       ,"Appearance":{
          "CSS Classes":[
            "t-BadgeList--fixed"
          ]
        }
      }
     ,{
        "id":"19246750455962224114"
       ,"Identification":{
          "Name":"Flexible Box"
         ,"Identifier":"FLEXIBLEBOX"
         ,"Group":"Layout (19246747803506224113)"
         ,"Sequence":80
        }
       ,"Settings":{
          "Advanced":false
        }
       ,"Appearance":{
          "CSS Classes":[
            "t-BadgeList--flex"
          ]
        }
      }
     ,{
        "id":"19246750648466224114"
       ,"Identification":{
          "Name":"Float Items"
         ,"Identifier":"FLOATITEMS"
         ,"Group":"Layout (19246747803506224113)"
         ,"Sequence":70
        }
       ,"Settings":{
          "Advanced":false
        }
       ,"Appearance":{
          "CSS Classes":[
            "t-BadgeList--float"
          ]
        }
      }
     ,{
        "id":"19246750875217224114"
       ,"Identification":{
          "Name":"Grid"
         ,"Identifier":"GRID"
         ,"Group":"Style (19246749817513224114)"
         ,"Sequence":30
        }
       ,"Settings":{
          "Advanced":false
        }
       ,"Appearance":{
          "CSS Classes":[
            "t-BadgeList--dash"
          ]
        }
      }
     ,{
        "id":"19246751079556224114"
       ,"Identification":{
          "Name":"Stacked"
         ,"Identifier":"STACKED"
         ,"Group":"Layout (19246747803506224113)"
         ,"Sequence":10
        }
       ,"Settings":{
          "Advanced":false
        }
       ,"Appearance":{
          "CSS Classes":[
            "t-BadgeList--stacked"
          ]
        }
      }
    ]
  }
 ,{
    "id":"19246751177333224114"
   ,"Identification":{
      "Name":"Cards"
     ,"Identifier":"CARDS"
     ,"Class":"Custom 1"
    }
   ,"Subscription":{
      "Master":{
        "Referenced Id":"2973535649510699732"
      }
    }
   ,"Advanced":{
      "Translatable":false
    }
   ,"Template Options":{
      "Preset":[
        "t-Cards--animColorFill"
       ,"t-Cards--3cols"
       ,"t-Cards--basic"
      ]
    }
   ,"Attributes":{
      "Type":"Named Column (row template)"
    }
   ,"Report Template":{
      "Top":"\u003Cul class=\"t-Cards #COMPONENT_CSS_CLASSES#\" #REPORT_ATTRIBUTES# id=\"#REGION_STATIC_ID#_cards\" data-region-id=\"#REGION_STATIC_ID#\"\u003E"
     ,"Bottom":"\u003C\/ul\u003E\n\u003Ctable class=\"t-Report-pagination\" role=\"presentation\"\u003E#PAGINATION#\u003C\/table\u003E"
    }
   ,"Row Template 1":{
      "Template":"\u003Cli class=\"t-Cards-item #CARD_MODIFIERS#\"\u003E\n  \u003Cdiv class=\"t-Card\"\u003E\n    \u003Ca href=\"#CARD_LINK#\" class=\"t-Card-wrap\"\u003E\n      \u003Cdiv class=\"t-Card-icon u-color #CARD_COLOR#\"\u003E\u003Cspan class=\"t-Icon fa #CARD_ICON#\"\u003E\u003Cspan class=\"t-Card-initials\" role=\"presentation\"\u003E#CARD_INITIALS#\u003C\/span\u003E\u003C\/span\u003E\u003C\/div\u003E\n      \u003Cdiv class=\"t-Card-titleWrap\"\u003E\u003Ch3 class=\"t-Card-title\"\u003E#CARD_TITLE#\u003C\/h3\u003E\u003Ch4 class=\"t-Card-subtitle\"\u003E#CARD_SUBTITLE#\u003C\/h4\u003E\u003C\/div\u003E\n      \u003Cdiv class=\"t-Card-body\"\u003E\n        \u003Cdiv class=\"t-Card-desc\"\u003E#CARD_TEXT#\u003C\/div\u003E\n        \u003Cdiv class=\"t-Card-info\"\u003E#CARD_SUBTEXT#\u003C\/div\u003E\n      \u003C\/div\u003E\n      \u003Cspan class=\"t-Card-colorFill u-color #CARD_COLOR#\"\u003E\u003C\/span\u003E\n    \u003C\/a\u003E\n  \u003C\/div\u003E\n\u003C\/li\u003E"
     ,"Condition":"Use Based on PL\/SQL Expression"
     ,"PL\/SQL Expression":":CARD_LINK is not null"
    }
   ,"Row Template 2":{
      "Template":"\u003Cli class=\"t-Cards-item #CARD_MODIFIERS#\"\u003E\n  \u003Cdiv class=\"t-Card\"\u003E\n    \u003Cdiv class=\"t-Card-wrap\"\u003E\n      \u003Cdiv class=\"t-Card-icon u-color #CARD_COLOR#\"\u003E\u003Cspan class=\"t-Icon fa #CARD_ICON#\"\u003E\u003Cspan class=\"t-Card-initials\" role=\"presentation\"\u003E#CARD_INITIALS#\u003C\/span\u003E\u003C\/span\u003E\u003C\/div\u003E\n      \u003Cdiv class=\"t-Card-titleWrap\"\u003E\u003Ch3 class=\"t-Card-title\"\u003E#CARD_TITLE#\u003C\/h3\u003E\u003Ch4 class=\"t-Card-subtitle\"\u003E#CARD_SUBTITLE#\u003C\/h4\u003E\u003C\/div\u003E\n      \u003Cdiv class=\"t-Card-body\"\u003E\n        \u003Cdiv class=\"t-Card-desc\"\u003E#CARD_TEXT#\u003C\/div\u003E\n        \u003Cdiv class=\"t-Card-info\"\u003E#CARD_SUBTEXT#\u003C\/div\u003E\n      \u003C\/div\u003E\n      \u003Cspan class=\"t-Card-colorFill u-color #CARD_COLOR#\"\u003E\u003C\/span\u003E\n    \u003C\/div\u003E\n  \u003C\/div\u003E\n\u003C\/li\u003E"
     ,"Condition":"0"
    }
   ,"Pagination Subtemplates":{
      "Pagination":"\u003Cspan class=\"t-Report-paginationText\"\u003E#TEXT#\u003C\/span\u003E"
     ,"Next Page":"\u003Ca href=\"#LINK#\" class=\"t-Button t-Button--small t-Button--noUI t-Report-paginationLink t-Report-paginationLink--next\"\u003E\n  #PAGINATION_NEXT#\u003Cspan class=\"a-Icon icon-right-arrow\" aria-hidden=\"true\"\u003E\u003C\/span\u003E\n\u003C\/a\u003E"
     ,"Previous Page":"\u003Ca href=\"#LINK#\" class=\"t-Button t-Button--small t-Button--noUI t-Report-paginationLink t-Report-paginationLink--prev\"\u003E\n  \u003Cspan class=\"a-Icon icon-left-arrow\" aria-hidden=\"true\"\u003E\u003C\/span\u003E#PAGINATION_PREVIOUS#\n\u003C\/a\u003E"
     ,"Next Set":"\u003Ca href=\"#LINK#\" class=\"t-Button t-Button--small t-Button--noUI t-Report-paginationLink t-Report-paginationLink--next\"\u003E\n  #PAGINATION_NEXT_SET#\u003Cspan class=\"a-Icon icon-right-arrow\" aria-hidden=\"true\"\u003E\u003C\/span\u003E\n\u003C\/a\u003E"
     ,"Previous Set":"\u003Ca href=\"#LINK#\" class=\"t-Button t-Button--small t-Button--noUI t-Report-paginationLink t-Report-paginationLink--prev\"\u003E\n  \u003Cspan class=\"a-Icon icon-left-arrow\" aria-hidden=\"true\"\u003E\u003C\/span\u003E#PAGINATION_PREVIOUS_SET#\n\u003C\/a\u003E"
    }
   ,"Template Options":[
      {
        "id":"19246751458445224114"
       ,"Identification":{
          "Name":"2 Columns"
         ,"Identifier":"2_COLUMNS"
         ,"Group":"Layout (19246747803506224113)"
         ,"Sequence":15
        }
       ,"Settings":{
          "Advanced":false
        }
       ,"Appearance":{
          "CSS Classes":[
            "t-Cards--cols"
          ]
        }
      }
     ,{
        "id":"19246751803954224114"
       ,"Identification":{
          "Name":"2 Lines"
         ,"Identifier":"2_LINES"
         ,"Group":"Body Text (19246751643788224114)"
         ,"Sequence":10
        }
       ,"Settings":{
          "Advanced":false
        }
       ,"Appearance":{
          "CSS Classes":[
            "t-Cards--desc-2ln"
          ]
        }
      }
     ,{
        "id":"19246752013630224115"
       ,"Identification":{
          "Name":"3 Columns"
         ,"Identifier":"3_COLUMNS"
         ,"Group":"Layout (19246747803506224113)"
         ,"Sequence":20
        }
       ,"Settings":{
          "Advanced":false
        }
       ,"Appearance":{
          "CSS Classes":[
            "t-Cards--3cols"
          ]
        }
      }
     ,{
        "id":"19246752270632224115"
       ,"Identification":{
          "Name":"3 Lines"
         ,"Identifier":"3_LINES"
         ,"Group":"Body Text (19246751643788224114)"
         ,"Sequence":20
        }
       ,"Settings":{
          "Advanced":false
        }
       ,"Appearance":{
          "CSS Classes":[
            "t-Cards--desc-3ln"
          ]
        }
      }
     ,{
        "id":"19246752449680224115"
       ,"Identification":{
          "Name":"4 Columns"
         ,"Identifier":"4_COLUMNS"
         ,"Group":"Layout (19246747803506224113)"
         ,"Sequence":30
        }
       ,"Settings":{
          "Advanced":false
        }
       ,"Appearance":{
          "CSS Classes":[
            "t-Cards--4cols"
          ]
        }
      }
     ,{
        "id":"19246752624693224115"
       ,"Identification":{
          "Name":"4 Lines"
         ,"Identifier":"4_LINES"
         ,"Group":"Body Text (19246751643788224114)"
         ,"Sequence":30
        }
       ,"Settings":{
          "Advanced":false
        }
       ,"Appearance":{
          "CSS Classes":[
            "t-Cards--desc-4ln"
          ]
        }
      }
     ,{
        "id":"19246752845315224115"
       ,"Identification":{
          "Name":"5 Columns"
         ,"Identifier":"5_COLUMNS"
         ,"Group":"Layout (19246747803506224113)"
         ,"Sequence":50
        }
       ,"Settings":{
          "Advanced":false
        }
       ,"Appearance":{
          "CSS Classes":[
            "t-Cards--5cols"
          ]
        }
      }
     ,{
        "id":"19246753041795224115"
       ,"Identification":{
          "Name":"Basic"
         ,"Identifier":"BASIC"
         ,"Group":"Style (19246749817513224114)"
         ,"Sequence":10
        }
       ,"Settings":{
          "Advanced":false
        }
       ,"Appearance":{
          "CSS Classes":[
            "t-Cards--basic"
          ]
        }
      }
     ,{
        "id":"19246753201433224115"
       ,"Identification":{
          "Name":"Block"
         ,"Identifier":"BLOCK"
         ,"Group":"Style (19246749817513224114)"
         ,"Sequence":40
        }
       ,"Settings":{
          "Advanced":false
        }
       ,"Appearance":{
          "CSS Classes":[
            "t-Cards--featured"
           ,"t-Cards--block"
           ,"force-fa-lg"
          ]
        }
      }
     ,{
        "id":"19246753611486224115"
       ,"Identification":{
          "Name":"Color Fill"
         ,"Identifier":"CARDS_COLOR_FILL"
         ,"Group":"Animation (19246753484562224115)"
         ,"Sequence":10
        }
       ,"Settings":{
          "Advanced":false
        }
       ,"Appearance":{
          "CSS Classes":[
            "t-Cards--animColorFill"
          ]
        }
      }
     ,{
        "id":"19246753802123224115"
       ,"Identification":{
          "Name":"Raise Card"
         ,"Identifier":"CARD_RAISE_CARD"
         ,"Group":"Animation (19246753484562224115)"
         ,"Sequence":20
        }
       ,"Settings":{
          "Advanced":false
        }
       ,"Appearance":{
          "CSS Classes":[
            "t-Cards--animRaiseCard"
          ]
        }
      }
     ,{
        "id":"19246754056354224115"
       ,"Identification":{
          "Name":"Compact"
         ,"Identifier":"COMPACT"
         ,"Group":"Style (19246749817513224114)"
         ,"Sequence":20
        }
       ,"Settings":{
          "Advanced":false
        }
       ,"Appearance":{
          "CSS Classes":[
            "t-Cards--compact"
          ]
        }
       ,"Help":{
          "Help Text":"Use this option when you want to show smaller cards."
        }
      }
     ,{
        "id":"19246754402948224116"
       ,"Identification":{
          "Name":"Display Icons"
         ,"Identifier":"DISPLAY_ICONS"
         ,"Group":"Icons (19246754275319224115)"
         ,"Sequence":10
        }
       ,"Settings":{
          "Advanced":false
        }
       ,"Appearance":{
          "CSS Classes":[
            "t-Cards--displayIcons"
          ]
        }
      }
     ,{
        "id":"19246754601530224116"
       ,"Identification":{
          "Name":"Display Initials"
         ,"Identifier":"DISPLAY_INITIALS"
         ,"Group":"Icons (19246754275319224115)"
         ,"Sequence":20
        }
       ,"Settings":{
          "Advanced":false
        }
       ,"Appearance":{
          "CSS Classes":[
            "t-Cards--displayInitials"
          ]
        }
      }
     ,{
        "id":"19246754856624224116"
       ,"Identification":{
          "Name":"Display Subtitle"
         ,"Identifier":"DISPLAY_SUBTITLE"
         ,"Sequence":20
        }
       ,"Settings":{
          "Advanced":false
        }
       ,"Appearance":{
          "CSS Classes":[
            "t-Cards--displaySubtitle"
          ]
        }
      }
     ,{
        "id":"19246755014047224116"
       ,"Identification":{
          "Name":"Featured"
         ,"Identifier":"FEATURED"
         ,"Group":"Style (19246749817513224114)"
         ,"Sequence":30
        }
       ,"Settings":{
          "Advanced":false
        }
       ,"Appearance":{
          "CSS Classes":[
            "t-Cards--featured"
           ,"force-fa-lg"
          ]
        }
      }
     ,{
        "id":"19246755246165224116"
       ,"Identification":{
          "Name":"Float"
         ,"Identifier":"FLOAT"
         ,"Group":"Layout (19246747803506224113)"
         ,"Sequence":60
        }
       ,"Settings":{
          "Advanced":false
        }
       ,"Appearance":{
          "CSS Classes":[
            "t-Cards--float"
          ]
        }
      }
     ,{
        "id":"19246755465943224116"
       ,"Identification":{
          "Name":"Hidden"
         ,"Identifier":"HIDDEN_BODY_TEXT"
         ,"Group":"Body Text (19246751643788224114)"
         ,"Sequence":50
        }
       ,"Settings":{
          "Advanced":false
        }
       ,"Appearance":{
          "CSS Classes":[
            "t-Cards--hideBody"
          ]
        }
       ,"Help":{
          "Help Text":"This option hides the card body which contains description and subtext."
        }
      }
     ,{
        "id":"19246755898560224116"
       ,"Identification":{
          "Name":"Rounded Corners"
         ,"Identifier":"ICONS_ROUNDED"
         ,"Group":"Icon Shape (19246755607086224116)"
         ,"Sequence":10
        }
       ,"Settings":{
          "Advanced":false
        }
       ,"Appearance":{
          "CSS Classes":[
            "t-Cards--iconsRounded"
          ]
        }
       ,"Help":{
          "Help Text":"The icons are displayed within a square with rounded corners."
        }
      }
     ,{
        "id":"19246756001062224116"
       ,"Identification":{
          "Name":"Square"
         ,"Identifier":"ICONS_SQUARE"
         ,"Group":"Icon Shape (19246755607086224116)"
         ,"Sequence":20
        }
       ,"Settings":{
          "Advanced":false
        }
       ,"Appearance":{
          "CSS Classes":[
            "t-Cards--iconsSquare"
          ]
        }
       ,"Help":{
          "Help Text":"The icons are displayed within a square shape."
        }
      }
     ,{
        "id":"19246756276587224116"
       ,"Identification":{
          "Name":"Span Horizontally"
         ,"Identifier":"SPAN_HORIZONTALLY"
         ,"Group":"Layout (19246747803506224113)"
         ,"Sequence":70
        }
       ,"Settings":{
          "Advanced":false
        }
       ,"Appearance":{
          "CSS Classes":[
            "t-Cards--spanHorizontally"
          ]
        }
      }
     ,{
        "id":"19246756423057224116"
       ,"Identification":{
          "Name":"Apply Theme Colors"
         ,"Identifier":"USE_THEME_COLORS"
         ,"Sequence":10
        }
       ,"Settings":{
          "Advanced":false
        }
       ,"Appearance":{
          "CSS Classes":[
            "u-colors"
          ]
        }
      }
    ]
  }
 ,{
    "id":"19246756506335224116"
   ,"Identification":{
      "Name":"Comments"
     ,"Identifier":"COMMENTS"
     ,"Class":"Custom 1"
    }
   ,"Subscription":{
      "Master":{
        "Referenced Id":"2611722012730764232"
      }
    }
   ,"Advanced":{
      "Translatable":false
    }
   ,"Template Options":{
      "Preset":[
        "t-Comments--chat"
      ]
    }
   ,"Attributes":{
      "Type":"Named Column (row template)"
    }
   ,"Report Template":{
      "Top":"\u003Cul class=\"t-Comments #COMPONENT_CSS_CLASSES#\" #REPORT_ATTRIBUTES# id=\"#REGION_STATIC_ID#_report\" data-region-id=\"#REGION_STATIC_ID#\"\u003E"
     ,"Bottom":"\u003C\/ul\u003E\n\u003Ctable class=\"t-Report-pagination\" role=\"presentation\"\u003E#PAGINATION#\u003C\/table\u003E"
    }
   ,"Row Template 1":{
      "Template":"\u003Cli class=\"t-Comments-item #COMMENT_MODIFIERS#\"\u003E\n  \u003Cdiv class=\"t-Comments-icon\"\u003E\n    \u003Cdiv class=\"t-Comments-userIcon #ICON_MODIFIER#\" aria-hidden=\"true\"\u003E#USER_ICON#\u003C\/div\u003E\n  \u003C\/div\u003E\n  \u003Cdiv class=\"t-Comments-body\"\u003E\n    \u003Cdiv class=\"t-Comments-info\"\u003E\n      #USER_NAME# \u003Cspan class=\"t-Comments-date\"\u003E#COMMENT_DATE#\u003C\/span\u003E \u003Cspan class=\"t-Comments-actions\"\u003E#ACTIONS#\u003C\/span\u003E\n    \u003C\/div\u003E\n    \u003Cdiv class=\"t-Comments-comment\"\u003E\n      #COMMENT_TEXT##ATTRIBUTE_1##ATTRIBUTE_2##ATTRIBUTE_3##ATTRIBUTE_4#\n    \u003C\/div\u003E\n  \u003C\/div\u003E\n\u003C\/li\u003E"
     ,"Condition":"0"
    }
   ,"Pagination Subtemplates":{
      "Pagination":"\u003Cspan class=\"t-Report-paginationText\"\u003E#TEXT#\u003C\/span\u003E"
     ,"Next Page":"\u003Ca href=\"#LINK#\" class=\"t-Button t-Button--small t-Button--noUI t-Report-paginationLink t-Report-paginationLink--next\"\u003E\n  #PAGINATION_NEXT#\u003Cspan class=\"a-Icon icon-right-arrow\" aria-hidden=\"true\"\u003E\u003C\/span\u003E\n\u003C\/a\u003E"
     ,"Previous Page":"\u003Ca href=\"#LINK#\" class=\"t-Button t-Button--small t-Button--noUI t-Report-paginationLink t-Report-paginationLink--prev\"\u003E\n  \u003Cspan class=\"a-Icon icon-left-arrow\" aria-hidden=\"true\"\u003E\u003C\/span\u003E#PAGINATION_PREVIOUS#\n\u003C\/a\u003E"
     ,"Next Set":"\u003Ca href=\"#LINK#\" class=\"t-Button t-Button--small t-Button--noUI t-Report-paginationLink t-Report-paginationLink--next\"\u003E\n  #PAGINATION_NEXT_SET#\u003Cspan class=\"a-Icon icon-right-arrow\" aria-hidden=\"true\"\u003E\u003C\/span\u003E\n\u003C\/a\u003E\n"
     ,"Previous Set":"\u003Ca href=\"#LINK#\" class=\"t-Button t-Button--small t-Button--noUI t-Report-paginationLink t-Report-paginationLink--prev\"\u003E\n  \u003Cspan class=\"a-Icon icon-left-arrow\" aria-hidden=\"true\"\u003E\u003C\/span\u003E#PAGINATION_PREVIOUS_SET#\n\u003C\/a\u003E"
    }
   ,"Template Options":[
      {
        "id":"19246757001258224117"
       ,"Identification":{
          "Name":"Basic"
         ,"Identifier":"BASIC"
         ,"Group":"Comments Style (19246756856277224117)"
         ,"Sequence":10
        }
       ,"Settings":{
          "Advanced":false
        }
       ,"Appearance":{
          "CSS Classes":[
            "t-Comments--basic"
          ]
        }
      }
     ,{
        "id":"19246757274000224117"
       ,"Identification":{
          "Name":"Rounded Corners"
         ,"Identifier":"ICONS_ROUNDED"
         ,"Group":"Icon Shape (19246755607086224116)"
         ,"Sequence":10
        }
       ,"Settings":{
          "Advanced":false
        }
       ,"Appearance":{
          "CSS Classes":[
            "t-Comments--iconsRounded"
          ]
        }
       ,"Help":{
          "Help Text":"The icons are displayed within a square with rounded corners."
        }
      }
     ,{
        "id":"19246757461297224117"
       ,"Identification":{
          "Name":"Square"
         ,"Identifier":"ICONS_SQUARE"
         ,"Group":"Icon Shape (19246755607086224116)"
         ,"Sequence":20
        }
       ,"Settings":{
          "Advanced":false
        }
       ,"Appearance":{
          "CSS Classes":[
            "t-Comments--iconsSquare"
          ]
        }
       ,"Help":{
          "Help Text":"The icons are displayed within a square shape."
        }
      }
     ,{
        "id":"19246757655054224117"
       ,"Identification":{
          "Name":"Speech Bubbles"
         ,"Identifier":"SPEECH_BUBBLES"
         ,"Group":"Comments Style (19246756856277224117)"
         ,"Sequence":20
        }
       ,"Settings":{
          "Advanced":false
        }
       ,"Appearance":{
          "CSS Classes":[
            "t-Comments--chat"
          ]
        }
      }
    ]
  }
 ,{
    "id":"19246757738485224117"
   ,"Identification":{
      "Name":"Content Row"
     ,"Identifier":"CONTENT_ROW"
     ,"Class":"Standard"
    }
   ,"Subscription":{
      "Master":{
        "Referenced Id":"1797843454948280151"
      }
    }
   ,"Advanced":{
      "Translatable":false
    }
   ,"Attributes":{
      "Type":"Named Column (row template)"
    }
   ,"Report Template":{
      "Top":"\u003Cul class=\"t-ContentRow #COMPONENT_CSS_CLASSES#\" #REPORT_ATTRIBUTES# id=\"#REGION_STATIC_ID#_report\" data-region-id=\"#REGION_STATIC_ID#\"\u003E"
     ,"Bottom":"\u003C\/ul\u003E\n\u003Ctable class=\"t-Report-pagination\" role=\"presentation\"\u003E#PAGINATION#\u003C\/table\u003E"
    }
   ,"Row Template 1":{
      "Template":"\u003Cli class=\"t-ContentRow-item #ITEM_CLASSES#\"\u003E\n  \u003Cdiv class=\"t-ContentRow-wrap\"\u003E\n    \u003Cdiv class=\"t-ContentRow-selection\"\u003E#SELECTION#\u003C\/div\u003E\n    \u003Cdiv class=\"t-ContentRow-iconWrap\"\u003E\n      \u003Cspan class=\"t-ContentRow-icon #ICON_CLASS#\"\u003E#ICON_HTML#\u003C\/span\u003E\n    \u003C\/div\u003E\n    \u003Cdiv class=\"t-ContentRow-body\"\u003E\n      \u003Cdiv class=\"t-ContentRow-content\"\u003E\n        \u003Ch3 class=\"t-ContentRow-title\"\u003E#TITLE#\u003C\/h3\u003E\n        \u003Cdiv class=\"t-ContentRow-description\"\u003E#DESCRIPTION#\u003C\/div\u003E\n      \u003C\/div\u003E\n      \u003Cdiv class=\"t-ContentRow-misc\"\u003E#MISC#\u003C\/div\u003E\n      \u003Cdiv class=\"t-ContentRow-actions\"\u003E#ACTIONS#\u003C\/div\u003E\n    \u003C\/div\u003E\n  \u003C\/div\u003E\n\u003C\/li\u003E"
     ,"Condition":"0"
    }
   ,"Pagination Subtemplates":{
      "Pagination":"\u003Cspan class=\"t-Report-paginationText\"\u003E#TEXT#\u003C\/span\u003E"
     ,"Next Page":"\u003Ca href=\"#LINK#\" class=\"t-Button t-Button--small t-Button--noUI t-Report-paginationLink t-Report-paginationLink--next\"\u003E\n  #PAGINATION_NEXT#\u003Cspan class=\"a-Icon icon-right-arrow\" aria-hidden=\"true\"\u003E\u003C\/span\u003E\n\u003C\/a\u003E"
     ,"Previous Page":"\u003Ca href=\"#LINK#\" class=\"t-Button t-Button--small t-Button--noUI t-Report-paginationLink t-Report-paginationLink--prev\"\u003E\n  \u003Cspan class=\"a-Icon icon-left-arrow\" aria-hidden=\"true\"\u003E\u003C\/span\u003E#PAGINATION_PREVIOUS#\n\u003C\/a\u003E"
     ,"Next Set":"\u003Ca href=\"#LINK#\" class=\"t-Button t-Button--small t-Button--noUI t-Report-paginationLink t-Report-paginationLink--next\"\u003E\n  #PAGINATION_NEXT_SET#\u003Cspan class=\"a-Icon icon-right-arrow\" aria-hidden=\"true\"\u003E\u003C\/span\u003E\n\u003C\/a\u003E"
     ,"Previous Set":"\u003Ca href=\"#LINK#\" class=\"t-Button t-Button--small t-Button--noUI t-Report-paginationLink t-Report-paginationLink--prev\"\u003E\n  \u003Cspan class=\"a-Icon icon-left-arrow\" aria-hidden=\"true\"\u003E\u003C\/span\u003E#PAGINATION_PREVIOUS_SET#\n\u003C\/a\u003E"
    }
   ,"Template Options":[
      {
        "id":"19246758229659224117"
       ,"Identification":{
          "Name":"Hidden"
         ,"Identifier":"ACTIONS_HIDDEN"
         ,"Group":"Actions (19246758067157224117)"
         ,"Sequence":60
        }
       ,"Settings":{
          "Advanced":false
        }
       ,"Appearance":{
          "CSS Classes":[
            "t-ContentRow--hideActions"
          ]
        }
       ,"Help":{
          "Help Text":"Hides the Actions column from being rendered on the screen."
        }
      }
     ,{
        "id":"19246758688946224117"
       ,"Identification":{
          "Name":"Top"
         ,"Identifier":"ALIGNMENT_TOP"
         ,"Group":"Content Alignment (19246758428940224117)"
         ,"Sequence":100
        }
       ,"Settings":{
          "Advanced":false
        }
       ,"Appearance":{
          "CSS Classes":[
            "t-ContentRow--alignTop"
          ]
        }
       ,"Help":{
          "Help Text":"Aligns the content to the top of the row. This is useful when you expect that yours rows will vary in height (e.g. some rows will have longer descriptions than others)."
        }
      }
     ,{
        "id":"19246759058436224118"
       ,"Identification":{
          "Name":"Hidden"
         ,"Identifier":"DESCRIPTION_HIDDEN"
         ,"Group":"Description (19246758816435224117)"
         ,"Sequence":40
        }
       ,"Settings":{
          "Advanced":false
        }
       ,"Appearance":{
          "CSS Classes":[
            "t-ContentRow--hideDescription"
          ]
        }
       ,"Help":{
          "Help Text":"Hides the Description from being rendered on the screen."
        }
      }
     ,{
        "id":"19246759414640224118"
       ,"Identification":{
          "Name":"Hidden"
         ,"Identifier":"ICON_HIDDEN"
         ,"Group":"Icon (19246759287451224118)"
         ,"Sequence":20
        }
       ,"Settings":{
          "Advanced":false
        }
       ,"Appearance":{
          "CSS Classes":[
            "t-ContentRow--hideIcon"
          ]
        }
       ,"Help":{
          "Help Text":"Hides the Icon from being rendered on the screen."
        }
      }
     ,{
        "id":"19246759831159224118"
       ,"Identification":{
          "Name":"Hidden"
         ,"Identifier":"MISC_HIDDEN"
         ,"Group":"Misc (19246759682594224118)"
         ,"Sequence":50
        }
       ,"Settings":{
          "Advanced":false
        }
       ,"Appearance":{
          "CSS Classes":[
            "t-ContentRow--hideMisc"
          ]
        }
       ,"Help":{
          "Help Text":"Hides the Misc column from being rendered on the screen."
        }
      }
     ,{
        "id":"19246760248946224118"
       ,"Identification":{
          "Name":"Hidden"
         ,"Identifier":"SELECTION_HIDDEN"
         ,"Group":"Selection (19246760061646224118)"
         ,"Sequence":10
        }
       ,"Settings":{
          "Advanced":false
        }
       ,"Appearance":{
          "CSS Classes":[
            "t-ContentRow--hideSelection"
          ]
        }
       ,"Help":{
          "Help Text":"Hides the Selection column from being rendered on the screen."
        }
      }
     ,{
        "id":"19246760491634224118"
       ,"Identification":{
          "Name":"Compact"
         ,"Identifier":"STYLE_COMPACT"
         ,"Group":"Style (19246749817513224114)"
         ,"Sequence":1
        }
       ,"Settings":{
          "Advanced":false
        }
       ,"Appearance":{
          "CSS Classes":[
            "t-ContentRow--styleCompact"
          ]
        }
       ,"Help":{
          "Help Text":"This option reduces the padding and font sizes to present a compact display of the same information."
        }
      }
     ,{
        "id":"19246760898318224118"
       ,"Identification":{
          "Name":"Hidden"
         ,"Identifier":"TITLE_HIDDEN"
         ,"Group":"Title (19246760650050224118)"
         ,"Sequence":30
        }
       ,"Settings":{
          "Advanced":false
        }
       ,"Appearance":{
          "CSS Classes":[
            "t-ContentRow--hideTitle"
          ]
        }
       ,"Help":{
          "Help Text":"Hides the Title from being rendered on the screen."
        }
      }
    ]
  }
 ,{
    "id":"19246760910187224118"
   ,"Identification":{
      "Name":"Contextual Info"
     ,"Identifier":"CONTEXTUAL_INFO"
     ,"Class":"Value Attribute Pairs"
    }
   ,"Subscription":{
      "Master":{
        "Referenced Id":"2114325881116323585"
      }
    }
   ,"Advanced":{
      "Translatable":false
    }
   ,"Attributes":{
      "Type":"Generic Columns (column template)"
    }
   ,"Report Template":{
      "Top":" \u003Cdiv class=\"t-ContextualInfo #COMPONENT_CSS_CLASSES#\" id=\"report_#REGION_STATIC_ID#\" #REPORT_ATTRIBUTES# data-region-id=\"#REGION_STATIC_ID#\"\u003E"
     ,"Bottom":"\u003C\/div\u003E\n\u003Ctable class=\"t-Report-pagination\" role=\"presentation\"\u003E#PAGINATION#\u003C\/table\u003E"
    }
   ,"Column Template 1":{
      "Template":"\u003Cdiv class=\"t-ContextualInfo-item\"\u003E\n  \u003Cspan class=\"t-ContextualInfo-label\"\u003E#COLUMN_HEADER#\u003C\/span\u003E\n  \u003Cspan class=\"t-ContextualInfo-value\"\u003E#COLUMN_VALUE#\u003C\/span\u003E\n\u003C\/div\u003E"
     ,"Condition":"0"
    }
   ,"Pagination Subtemplates":{
      "Pagination":"\u003Cspan class=\"t-Report-paginationText\"\u003E#TEXT#\u003C\/span\u003E"
     ,"Next Page":"\u003Ca href=\"#LINK#\" class=\"t-Button t-Button--small t-Button--noUI t-Report-paginationLink t-Report-paginationLink--next\"\u003E\n  #PAGINATION_NEXT#\u003Cspan class=\"a-Icon icon-right-arrow\" aria-hidden=\"true\"\u003E\u003C\/span\u003E\n\u003C\/a\u003E"
     ,"Previous Page":"\u003Ca href=\"#LINK#\" class=\"t-Button t-Button--small t-Button--noUI t-Report-paginationLink t-Report-paginationLink--prev\"\u003E\n  \u003Cspan class=\"a-Icon icon-left-arrow\" aria-hidden=\"true\"\u003E\u003C\/span\u003E#PAGINATION_PREVIOUS#\n\u003C\/a\u003E"
     ,"Next Set":"\u003Ca href=\"#LINK#\" class=\"t-Button t-Button--small t-Button--noUI t-Report-paginationLink t-Report-paginationLink--next\"\u003E\n  #PAGINATION_NEXT_SET#\u003Cspan class=\"a-Icon icon-right-arrow\" aria-hidden=\"true\"\u003E\u003C\/span\u003E\n\u003C\/a\u003E"
     ,"Previous Set":"\u003Ca href=\"#LINK#\" class=\"t-Button t-Button--small t-Button--noUI t-Report-paginationLink t-Report-paginationLink--prev\"\u003E\n  \u003Cspan class=\"a-Icon icon-left-arrow\" aria-hidden=\"true\"\u003E\u003C\/span\u003E#PAGINATION_PREVIOUS_SET#\n\u003C\/a\u003E"
    }
   ,"Template Options":[
      {
        "id":"19246761434594224118"
       ,"Identification":{
          "Name":"Stacked"
         ,"Identifier":"DISPLAY_ITEMS_STACKED"
         ,"Group":"Display Items (19246761220575224118)"
         ,"Sequence":1
        }
       ,"Settings":{
          "Advanced":false
        }
       ,"Appearance":{
          "CSS Classes":[
            "t-ContextualInfo-item--stacked"
          ]
        }
      }
     ,{
        "id":"19246761843767224119"
       ,"Identification":{
          "Name":"Stacked"
         ,"Identifier":"DISPLAY_LABELS_STACKED"
         ,"Group":"Display Labels (19246761675658224119)"
         ,"Sequence":1
        }
       ,"Settings":{
          "Advanced":false
        }
       ,"Appearance":{
          "CSS Classes":[
            "t-ContextualInfo-label--stacked"
          ]
        }
      }
    ]
  }
 ,{
    "id":"19246761962065224119"
   ,"Identification":{
      "Name":"Media List"
     ,"Identifier":"MEDIA_LIST"
     ,"Class":"Borderless"
    }
   ,"Subscription":{
      "Master":{
        "Referenced Id":"2092157460408299055"
      }
    }
   ,"Advanced":{
      "Translatable":false
    }
   ,"Template Options":{
      "Preset":[
        "t-MediaList--stack"
      ]
     ,"Default":[
        "t-MediaList--showIcons"
       ,"t-MediaList--showDesc"
      ]
    }
   ,"Attributes":{
      "Type":"Named Column (row template)"
    }
   ,"Report Template":{
      "Top":"\u003Cul class=\"t-MediaList #COMPONENT_CSS_CLASSES#\" #REPORT_ATTRIBUTES# id=\"#REGION_STATIC_ID#_report\" data-region-id=\"#REGION_STATIC_ID#\"\u003E"
     ,"Bottom":"\u003C\/ul\u003E\n\u003Ctable class=\"t-Report-pagination\" role=\"presentation\"\u003E#PAGINATION#\u003C\/table\u003E"
    }
   ,"Row Template 1":{
      "Template":"\u003Cli class=\"t-MediaList-item #LIST_CLASS#\"\u003E\n  \u003Ca href=\"#LINK#\" class=\"t-MediaList-itemWrap #LINK_CLASS#\" #LINK_ATTR#\u003E\n    \u003Cdiv class=\"t-MediaList-iconWrap\" aria-hidden=\"true\"\u003E\n      \u003Cspan class=\"t-MediaList-icon u-color #ICON_COLOR_CLASS#\"\u003E\u003Cspan class=\"t-Icon #ICON_CLASS#\"\u003E\u003C\/span\u003E\u003C\/span\u003E\n    \u003C\/div\u003E\n    \u003Cdiv class=\"t-MediaList-body\"\u003E\n      \u003Ch3 class=\"t-MediaList-title\"\u003E#LIST_TITLE#\u003C\/h3\u003E\n      \u003Cp class=\"t-MediaList-desc\"\u003E#LIST_TEXT#\u003C\/p\u003E\n    \u003C\/div\u003E\n    \u003Cdiv class=\"t-MediaList-badgeWrap\"\u003E\n      \u003Cspan class=\"t-MediaList-badge\"\u003E#LIST_BADGE#\u003C\/span\u003E\n    \u003C\/div\u003E\n  \u003C\/a\u003E\n\u003C\/li\u003E\n"
     ,"Condition":"Use Based on PL\/SQL Expression"
     ,"PL\/SQL Expression":":LINK is not null"
    }
   ,"Row Template 2":{
      "Template":"\u003Cli class=\"t-MediaList-item #LIST_CLASS#\"\u003E\n  \u003Cdiv class=\"t-MediaList-itemWrap #LINK_CLASS#\" #LINK_ATTR#\u003E\n    \u003Cdiv class=\"t-MediaList-iconWrap\" aria-hidden=\"true\"\u003E\n      \u003Cspan class=\"t-MediaList-icon u-color #ICON_COLOR_CLASS#\"\u003E\u003Cspan class=\"t-Icon #ICON_CLASS#\"\u003E\u003C\/span\u003E\u003C\/span\u003E\n    \u003C\/div\u003E\n    \u003Cdiv class=\"t-MediaList-body\"\u003E\n      \u003Ch3 class=\"t-MediaList-title\"\u003E#LIST_TITLE#\u003C\/h3\u003E\n      \u003Cp class=\"t-MediaList-desc\"\u003E#LIST_TEXT#\u003C\/p\u003E\n    \u003C\/div\u003E\n    \u003Cdiv class=\"t-MediaList-badgeWrap\"\u003E\n      \u003Cspan class=\"t-MediaList-badge\"\u003E#LIST_BADGE#\u003C\/span\u003E\n    \u003C\/div\u003E\n  \u003C\/div\u003E\n\u003C\/li\u003E\n"
     ,"Condition":"0"
    }
   ,"Pagination Subtemplates":{
      "Pagination":"\u003Cspan class=\"t-Report-paginationText\"\u003E#TEXT#\u003C\/span\u003E"
     ,"Next Page":"\u003Ca href=\"#LINK#\" class=\"t-Button t-Button--small t-Button--noUI t-Report-paginationLink t-Report-paginationLink--next\"\u003E\n  #PAGINATION_NEXT#\u003Cspan class=\"a-Icon icon-right-arrow\"\u003E\u003C\/span\u003E\n\u003C\/a\u003E"
     ,"Previous Page":"\u003Ca href=\"#LINK#\" class=\"t-Button t-Button--small t-Button--noUI t-Report-paginationLink t-Report-paginationLink--prev\"\u003E\n  \u003Cspan class=\"a-Icon icon-left-arrow\"\u003E\u003C\/span\u003E#PAGINATION_PREVIOUS#\n\u003C\/a\u003E"
     ,"Next Set":"\u003Ca href=\"#LINK#\" class=\"t-Button t-Button--small t-Button--noUI t-Report-paginationLink t-Report-paginationLink--next\"\u003E\n  #PAGINATION_NEXT_SET#\u003Cspan class=\"a-Icon icon-right-arrow\"\u003E\u003C\/span\u003E\n\u003C\/a\u003E"
     ,"Previous Set":"\u003Ca href=\"#LINK#\" class=\"t-Button t-Button--small t-Button--noUI t-Report-paginationLink t-Report-paginationLink--prev\"\u003E\n  \u003Cspan class=\"a-Icon icon-left-arrow\"\u003E\u003C\/span\u003E#PAGINATION_PREVIOUS_SET#\n\u003C\/a\u003E"
    }
   ,"Comments":{
      "Comments":" (SELECT link_text, link_target, detail1, detail2, last_modified)"
    }
   ,"Template Options":[
      {
        "id":"19246762213714224119"
       ,"Identification":{
          "Name":"2 Column Grid"
         ,"Identifier":"2_COLUMN_GRID"
         ,"Group":"Layout (19246747803506224113)"
         ,"Sequence":10
        }
       ,"Settings":{
          "Advanced":false
        }
       ,"Appearance":{
          "CSS Classes":[
            "t-MediaList--cols"
           ,"t-MediaList--2cols"
          ]
        }
      }
     ,{
        "id":"19246762425444224119"
       ,"Identification":{
          "Name":"3 Column Grid"
         ,"Identifier":"3_COLUMN_GRID"
         ,"Group":"Layout (19246747803506224113)"
         ,"Sequence":20
        }
       ,"Settings":{
          "Advanced":false
        }
       ,"Appearance":{
          "CSS Classes":[
            "t-MediaList--cols"
           ,"t-MediaList--3cols"
          ]
        }
      }
     ,{
        "id":"19246762691852224119"
       ,"Identification":{
          "Name":"4 Column Grid"
         ,"Identifier":"4_COLUMN_GRID"
         ,"Group":"Layout (19246747803506224113)"
         ,"Sequence":30
        }
       ,"Settings":{
          "Advanced":false
        }
       ,"Appearance":{
          "CSS Classes":[
            "t-MediaList--cols"
           ,"t-MediaList--4cols"
          ]
        }
      }
     ,{
        "id":"19246762816429224119"
       ,"Identification":{
          "Name":"5 Column Grid"
         ,"Identifier":"5_COLUMN_GRID"
         ,"Group":"Layout (19246747803506224113)"
         ,"Sequence":40
        }
       ,"Settings":{
          "Advanced":false
        }
       ,"Appearance":{
          "CSS Classes":[
            "t-MediaList--cols"
           ,"t-MediaList--5cols"
          ]
        }
      }
     ,{
        "id":"19246763021702224119"
       ,"Identification":{
          "Name":"Apply Theme Colors"
         ,"Identifier":"APPLY_THEME_COLORS"
         ,"Sequence":40
        }
       ,"Settings":{
          "Advanced":false
        }
       ,"Appearance":{
          "CSS Classes":[
            "u-colors"
          ]
        }
      }
     ,{
        "id":"19246763251757224119"
       ,"Identification":{
          "Name":"Rounded Corners"
         ,"Identifier":"ICONS_ROUNDED"
         ,"Group":"Icon Shape (19246755607086224116)"
         ,"Sequence":10
        }
       ,"Settings":{
          "Advanced":false
        }
       ,"Appearance":{
          "CSS Classes":[
            "t-MediaList--iconsRounded"
          ]
        }
       ,"Help":{
          "Help Text":"The icons are displayed within a square with rounded corners."
        }
      }
     ,{
        "id":"19246763477814224119"
       ,"Identification":{
          "Name":"Square"
         ,"Identifier":"ICONS_SQUARE"
         ,"Group":"Icon Shape (19246755607086224116)"
         ,"Sequence":20
        }
       ,"Settings":{
          "Advanced":false
        }
       ,"Appearance":{
          "CSS Classes":[
            "t-MediaList--iconsSquare"
          ]
        }
       ,"Help":{
          "Help Text":"The icons are displayed within a square shape."
        }
      }
     ,{
        "id":"19246763895511224119"
       ,"Identification":{
          "Name":"Large"
         ,"Identifier":"LARGE"
         ,"Group":"Size (19246763640133224119)"
         ,"Sequence":20
        }
       ,"Settings":{
          "Advanced":false
        }
       ,"Appearance":{
          "CSS Classes":[
            "t-MediaList--large"
           ,"force-fa-lg"
          ]
        }
       ,"Help":{
          "Help Text":"Increases the size of the text and icons in the list."
        }
      }
     ,{
        "id":"19246764062894224120"
       ,"Identification":{
          "Name":"Show Badges"
         ,"Identifier":"SHOW_BADGES"
         ,"Sequence":30
        }
       ,"Settings":{
          "Advanced":false
        }
       ,"Appearance":{
          "CSS Classes":[
            "t-MediaList--showBadges"
          ]
        }
      }
     ,{
        "id":"19246764239793224120"
       ,"Identification":{
          "Name":"Show Description"
         ,"Identifier":"SHOW_DESCRIPTION"
         ,"Sequence":20
        }
       ,"Settings":{
          "Advanced":false
        }
       ,"Appearance":{
          "CSS Classes":[
            "t-MediaList--showDesc"
          ]
        }
      }
     ,{
        "id":"19246764435649224120"
       ,"Identification":{
          "Name":"Show Icons"
         ,"Identifier":"SHOW_ICONS"
         ,"Sequence":10
        }
       ,"Settings":{
          "Advanced":false
        }
       ,"Appearance":{
          "CSS Classes":[
            "t-MediaList--showIcons"
          ]
        }
      }
     ,{
        "id":"19246764650605224120"
       ,"Identification":{
          "Name":"Span Horizontal"
         ,"Identifier":"SPAN_HORIZONTAL"
         ,"Group":"Layout (19246747803506224113)"
         ,"Sequence":50
        }
       ,"Settings":{
          "Advanced":false
        }
       ,"Appearance":{
          "CSS Classes":[
            "t-MediaList--horizontal"
          ]
        }
      }
     ,{
        "id":"19246764890982224120"
       ,"Identification":{
          "Name":"Stack"
         ,"Identifier":"STACK"
         ,"Group":"Layout (19246747803506224113)"
         ,"Sequence":5
        }
       ,"Settings":{
          "Advanced":false
        }
       ,"Appearance":{
          "CSS Classes":[
            "t-MediaList--stack"
          ]
        }
      }
    ]
  }
 ,{
    "id":"19246764924073224120"
   ,"Identification":{
      "Name":"Search Results"
     ,"Identifier":"SEARCH_RESULTS"
     ,"Class":"Borderless"
    }
   ,"Subscription":{
      "Master":{
        "Referenced Id":"4070913431524059316"
      }
    }
   ,"Advanced":{
      "Translatable":false
    }
   ,"Attributes":{
      "Type":"Named Column (row template)"
    }
   ,"Report Template":{
      "Top":"\u003Cdiv class=\"t-SearchResults #COMPONENT_CSS_CLASSES#\" #REPORT_ATTRIBUTES# id=\"#REGION_STATIC_ID#_report\" data-region-id=\"#REGION_STATIC_ID#\"\u003E\n\u003Cul class=\"t-SearchResults-list\"\u003E"
     ,"Bottom":"\u003C\/ul\u003E\n\u003Ctable class=\"t-Report-pagination\" role=\"presentation\"\u003E#PAGINATION#\u003C\/table\u003E\n\u003C\/div\u003E"
    }
   ,"Row Template 1":{
      "Template":"  \u003Cli class=\"t-SearchResults-item\"\u003E\n    \u003Ch3 class=\"t-SearchResults-title\"\u003E\u003Ca href=\"#SEARCH_LINK#\"\u003E#SEARCH_TITLE#\u003C\/a\u003E\u003C\/h3\u003E\n    \u003Cdiv class=\"t-SearchResults-info\"\u003E\n      \u003Cp class=\"t-SearchResults-desc\"\u003E#SEARCH_DESC#\u003C\/p\u003E\n      \u003Cspan class=\"t-SearchResults-misc\"\u003E#LABEL_01#: #VALUE_01#\u003C\/span\u003E\n    \u003C\/div\u003E\n  \u003C\/li\u003E"
     ,"Condition":"Use Based on PL\/SQL Expression"
     ,"PL\/SQL Expression":":LABEL_02 is null"
    }
   ,"Row Template 2":{
      "Template":"  \u003Cli class=\"t-SearchResults-item\"\u003E\n    \u003Ch3 class=\"t-SearchResults-title\"\u003E\u003Ca href=\"#SEARCH_LINK#\"\u003E#SEARCH_TITLE#\u003C\/a\u003E\u003C\/h3\u003E\n    \u003Cdiv class=\"t-SearchResults-info\"\u003E\n      \u003Cp class=\"t-SearchResults-desc\"\u003E#SEARCH_DESC#\u003C\/p\u003E\n      \u003Cspan class=\"t-SearchResults-misc\"\u003E#LABEL_01#: #VALUE_01#\u003C\/span\u003E\n      \u003Cspan class=\"t-SearchResults-misc\"\u003E#LABEL_02#: #VALUE_02#\u003C\/span\u003E\n    \u003C\/div\u003E\n  \u003C\/li\u003E"
     ,"Condition":"Use Based on PL\/SQL Expression"
     ,"PL\/SQL Expression":":LABEL_03 is null"
    }
   ,"Row Template 3":{
      "Template":"  \u003Cli class=\"t-SearchResults-item\"\u003E\n    \u003Ch3 class=\"t-SearchResults-title\"\u003E\u003Ca href=\"#SEARCH_LINK#\"\u003E#SEARCH_TITLE#\u003C\/a\u003E\u003C\/h3\u003E\n    \u003Cdiv class=\"t-SearchResults-info\"\u003E\n      \u003Cp class=\"t-SearchResults-desc\"\u003E#SEARCH_DESC#\u003C\/p\u003E\n      \u003Cspan class=\"t-SearchResults-misc\"\u003E#LABEL_01#: #VALUE_01#\u003C\/span\u003E\n      \u003Cspan class=\"t-SearchResults-misc\"\u003E#LABEL_02#: #VALUE_02#\u003C\/span\u003E\n      \u003Cspan class=\"t-SearchResults-misc\"\u003E#LABEL_03#: #VALUE_03#\u003C\/span\u003E\n    \u003C\/div\u003E\n  \u003C\/li\u003E"
     ,"Condition":"Use Based on PL\/SQL Expression"
     ,"PL\/SQL Expression":":LABEL_04 is null"
    }
   ,"Row Template 4":{
      "Template":"  \u003Cli class=\"t-SearchResults-item\"\u003E\n    \u003Ch3 class=\"t-SearchResults-title\"\u003E\u003Ca href=\"#SEARCH_LINK#\"\u003E#SEARCH_TITLE#\u003C\/a\u003E\u003C\/h3\u003E\n    \u003Cdiv class=\"t-SearchResults-info\"\u003E\n      \u003Cp class=\"t-SearchResults-desc\"\u003E#SEARCH_DESC#\u003C\/p\u003E\n      \u003Cspan class=\"t-SearchResults-misc\"\u003E#LABEL_01#: #VALUE_01#\u003C\/span\u003E\n      \u003Cspan class=\"t-SearchResults-misc\"\u003E#LABEL_02#: #VALUE_02#\u003C\/span\u003E\n      \u003Cspan class=\"t-SearchResults-misc\"\u003E#LABEL_03#: #VALUE_03#\u003C\/span\u003E\n      \u003Cspan class=\"t-SearchResults-misc\"\u003E#LABEL_04#: #VALUE_04#\u003C\/span\u003E\n    \u003C\/div\u003E\n  \u003C\/li\u003E"
     ,"Condition":"Use Based on PL\/SQL Expression"
    }
   ,"Pagination Subtemplates":{
      "Pagination":"\u003Cspan class=\"t-Report-paginationText\"\u003E#TEXT#\u003C\/span\u003E"
     ,"Next Page":"\u003Ca href=\"#LINK#\" class=\"t-Button t-Button--small t-Button--noUI t-Report-paginationLink t-Report-paginationLink--next\"\u003E\n  #PAGINATION_NEXT#\u003Cspan class=\"a-Icon icon-right-arrow\" aria-hidden=\"true\"\u003E\u003C\/span\u003E\n\u003C\/a\u003E"
     ,"Previous Page":"\u003Ca href=\"#LINK#\" class=\"t-Button t-Button--small t-Button--noUI t-Report-paginationLink t-Report-paginationLink--prev\"\u003E\n  \u003Cspan class=\"a-Icon icon-left-arrow\" aria-hidden=\"true\"\u003E\u003C\/span\u003E#PAGINATION_PREVIOUS#\n\u003C\/a\u003E"
     ,"Next Set":"\u003Ca href=\"#LINK#\" class=\"t-Button t-Button--small t-Button--noUI t-Report-paginationLink t-Report-paginationLink--next\"\u003E\n  #PAGINATION_NEXT_SET#\u003Cspan class=\"a-Icon icon-right-arrow\" aria-hidden=\"true\"\u003E\u003C\/span\u003E\n\u003C\/a\u003E"
     ,"Previous Set":"\u003Ca href=\"#LINK#\" class=\"t-Button t-Button--small t-Button--noUI t-Report-paginationLink t-Report-paginationLink--prev\"\u003E\n  \u003Cspan class=\"a-Icon icon-left-arrow\" aria-hidden=\"true\"\u003E\u003C\/span\u003E#PAGINATION_PREVIOUS_SET#\n\u003C\/a\u003E"
    }
   ,"Comments":{
      "Comments":" (SELECT link_text, link_target, detail1, detail2, last_modified)"
    }
  }
 ,{
    "id":"19246765162760224120"
   ,"Identification":{
      "Name":"Standard"
     ,"Identifier":"STANDARD"
     ,"Class":"Standard"
    }
   ,"Subscription":{
      "Master":{
        "Referenced Id":"2537207537838287671"
      }
    }
   ,"Advanced":{
      "Translatable":false
    }
   ,"Template Options":{
      "Preset":[
        "t-Report--altRowsDefault"
       ,"t-Report--rowHighlight"
      ]
    }
   ,"Attributes":{
      "Type":"Generic Columns (column template)"
    }
   ,"Report Template":{
      "Top":"\u003Cdiv class=\"t-Report #COMPONENT_CSS_CLASSES#\" id=\"report_#REGION_STATIC_ID#\" #REPORT_ATTRIBUTES# data-region-id=\"#REGION_STATIC_ID#\"\u003E\n  \u003Cdiv class=\"t-Report-wrap\"\u003E\n    \u003Ctable class=\"t-Report-pagination\" role=\"presentation\"\u003E#TOP_PAGINATION#\u003C\/table\u003E\n    \u003Cdiv class=\"t-Report-tableWrap\"\u003E\n    \u003Ctable class=\"t-Report-report\" id=\"report_table_#REGION_STATIC_ID#\" aria-label=\"#REGION_TITLE#\"\u003E"
     ,"Bottom":"      \u003C\/tbody\u003E\n    \u003C\/table\u003E\n    \u003C\/div\u003E\n    \u003Cdiv class=\"t-Report-links\"\u003E#EXTERNAL_LINK##CSV_LINK#\u003C\/div\u003E\n    \u003Ctable class=\"t-Report-pagination t-Report-pagination--bottom\" role=\"presentation\"\u003E#PAGINATION#\u003C\/table\u003E\n  \u003C\/div\u003E\n\u003C\/div\u003E"
    }
   ,"Column Templates":{
      "Before Heading":"\u003Cthead\u003E"
     ,"Heading":"\u003Cth class=\"t-Report-colHead\" #ARIA_SORT# #ALIGNMENT# id=\"#COLUMN_HEADER_NAME#\" #COLUMN_WIDTH#\u003E#COLUMN_HEADER#\u003C\/th\u003E"
     ,"After Heading":"\u003C\/thead\u003E\n\u003Ctbody\u003E"
     ,"Before Each Row":"\u003Ctr\u003E"
    }
   ,"Column Template 1":{
      "Template":"\u003Ctd class=\"t-Report-cell\" #ALIGNMENT# #ACCESSIBLE_HEADERS#\u003E#COLUMN_VALUE#\u003C\/td\u003E"
     ,"Condition":"0"
    }
   ,"Row Templates":{
      "After Each Row":"\u003C\/tr\u003E"
    }
   ,"Pagination Subtemplates":{
      "Pagination":"\u003Cspan class=\"t-Report-paginationText\"\u003E#TEXT#\u003C\/span\u003E"
     ,"Next Page":"\u003Ca href=\"#LINK#\" class=\"t-Button t-Button--small t-Button--noUI t-Report-paginationLink t-Report-paginationLink--next\"\u003E\n  #PAGINATION_NEXT#\u003Cspan class=\"a-Icon icon-right-arrow\" aria-hidden=\"true\"\u003E\u003C\/span\u003E\n\u003C\/a\u003E"
     ,"Previous Page":"\u003Ca href=\"#LINK#\" class=\"t-Button t-Button--small t-Button--noUI t-Report-paginationLink t-Report-paginationLink--prev\"\u003E\n  \u003Cspan class=\"a-Icon icon-left-arrow\" aria-hidden=\"true\"\u003E\u003C\/span\u003E#PAGINATION_PREVIOUS#\n\u003C\/a\u003E"
     ,"Next Set":"\u003Ca href=\"#LINK#\" class=\"t-Button t-Button--small t-Button--noUI t-Report-paginationLink t-Report-paginationLink--next\"\u003E\n  #PAGINATION_NEXT_SET#\u003Cspan class=\"a-Icon icon-right-arrow\" aria-hidden=\"true\"\u003E\u003C\/span\u003E\n\u003C\/a\u003E"
     ,"Previous Set":"\u003Ca href=\"#LINK#\" class=\"t-Button t-Button--small t-Button--noUI t-Report-paginationLink t-Report-paginationLink--prev\"\u003E\n  \u003Cspan class=\"a-Icon icon-left-arrow\" aria-hidden=\"true\"\u003E\u003C\/span\u003E#PAGINATION_PREVIOUS_SET#\n\u003C\/a\u003E"
    }
   ,"Template Options":[
      {
        "id":"19246765634409224120"
       ,"Identification":{
          "Name":"Disable"
         ,"Identifier":"ALTROWCOLORSDISABLE"
         ,"Group":"Alternating Rows (19246765435913224120)"
         ,"Sequence":20
        }
       ,"Settings":{
          "Advanced":false
        }
       ,"Appearance":{
          "CSS Classes":[
            "t-Report--staticRowColors"
          ]
        }
      }
     ,{
        "id":"19246765838151224120"
       ,"Identification":{
          "Name":"Enable"
         ,"Identifier":"ALTROWCOLORSENABLE"
         ,"Group":"Alternating Rows (19246765435913224120)"
         ,"Sequence":10
        }
       ,"Settings":{
          "Advanced":false
        }
       ,"Appearance":{
          "CSS Classes":[
            "t-Report--altRowsDefault"
          ]
        }
      }
     ,{
        "id":"19246766276514224121"
       ,"Identification":{
          "Name":"Enable"
         ,"Identifier":"ENABLE"
         ,"Group":"Row Highlighting (19246766093140224120)"
         ,"Sequence":10
        }
       ,"Settings":{
          "Advanced":false
        }
       ,"Appearance":{
          "CSS Classes":[
            "t-Report--rowHighlight"
          ]
        }
       ,"Help":{
          "Help Text":"Enable row highlighting on mouse over"
        }
      }
     ,{
        "id":"19246766698008224121"
       ,"Identification":{
          "Name":"Horizontal Only"
         ,"Identifier":"HORIZONTALBORDERS"
         ,"Group":"Report Border (19246766425696224121)"
         ,"Sequence":20
        }
       ,"Settings":{
          "Advanced":false
        }
       ,"Appearance":{
          "CSS Classes":[
            "t-Report--horizontalBorders"
          ]
        }
      }
     ,{
        "id":"19246766870659224121"
       ,"Identification":{
          "Name":"No Borders"
         ,"Identifier":"REMOVEALLBORDERS"
         ,"Group":"Report Border (19246766425696224121)"
         ,"Sequence":30
        }
       ,"Settings":{
          "Advanced":false
        }
       ,"Appearance":{
          "CSS Classes":[
            "t-Report--noBorders"
          ]
        }
      }
     ,{
        "id":"19246767032819224121"
       ,"Identification":{
          "Name":"No Outer Borders"
         ,"Identifier":"REMOVEOUTERBORDERS"
         ,"Group":"Report Border (19246766425696224121)"
         ,"Sequence":40
        }
       ,"Settings":{
          "Advanced":false
        }
       ,"Appearance":{
          "CSS Classes":[
            "t-Report--inline"
          ]
        }
      }
     ,{
        "id":"19246767239134224121"
       ,"Identification":{
          "Name":"Disable"
         ,"Identifier":"ROWHIGHLIGHTDISABLE"
         ,"Group":"Row Highlighting (19246766093140224120)"
         ,"Sequence":20
        }
       ,"Settings":{
          "Advanced":false
        }
       ,"Appearance":{
          "CSS Classes":[
            "t-Report--rowHighlightOff"
          ]
        }
       ,"Help":{
          "Help Text":"Disable row highlighting on mouse over"
        }
      }
     ,{
        "id":"19246767450085224121"
       ,"Identification":{
          "Name":"Stretch Report"
         ,"Identifier":"STRETCHREPORT"
         ,"Sequence":10
        }
       ,"Settings":{
          "Advanced":false
        }
       ,"Appearance":{
          "CSS Classes":[
            "t-Report--stretch"
          ]
        }
      }
     ,{
        "id":"19246767650152224121"
       ,"Identification":{
          "Name":"Vertical Only"
         ,"Identifier":"VERTICALBORDERS"
         ,"Group":"Report Border (19246766425696224121)"
         ,"Sequence":20
        }
       ,"Settings":{
          "Advanced":false
        }
       ,"Appearance":{
          "CSS Classes":[
            "t-Report--verticalBorders"
          ]
        }
      }
    ]
  }
 ,{
    "id":"19246767707450224121"
   ,"Identification":{
      "Name":"Timeline"
     ,"Identifier":"TIMELINE"
     ,"Class":"Custom 1"
    }
   ,"Subscription":{
      "Master":{
        "Referenced Id":"1513373588340069864"
      }
    }
   ,"Advanced":{
      "Translatable":false
    }
   ,"Attributes":{
      "Type":"Named Column (row template)"
    }
   ,"Report Template":{
      "Top":"\u003Cul class=\"t-Timeline #COMPONENT_CSS_CLASSES#\" #REPORT_ATTRIBUTES# id=\"#REGION_STATIC_ID#_timeline\" data-region-id=\"#REGION_STATIC_ID#\"\u003E\n"
     ,"Bottom":"\u003C\/ul\u003E\n\u003Ctable class=\"t-Report-pagination\" role=\"presentation\"\u003E#PAGINATION#\u003C\/table\u003E"
    }
   ,"Row Template 1":{
      "Template":"\u003Cli class=\"t-Timeline-item #EVENT_MODIFIERS#\" #EVENT_ATTRIBUTES#\u003E\n  \u003Cdiv class=\"t-Timeline-wrap\"\u003E\n    \u003Cdiv class=\"t-Timeline-user\"\u003E\n      \u003Cdiv class=\"t-Timeline-avatar #USER_COLOR#\" role=\"presentation\"\u003E\n        #USER_AVATAR#\n      \u003C\/div\u003E\n      \u003Cdiv class=\"t-Timeline-userinfo\"\u003E\n        \u003Cspan class=\"t-Timeline-username\"\u003E#USER_NAME#\u003C\/span\u003E\n        \u003Cspan class=\"t-Timeline-date\"\u003E#EVENT_DATE#\u003C\/span\u003E\n      \u003C\/div\u003E\n    \u003C\/div\u003E\n    \u003Cdiv class=\"t-Timeline-content\"\u003E\n      \u003Cdiv class=\"t-Timeline-typeWrap\"\u003E\n        \u003Cdiv class=\"t-Timeline-type #EVENT_STATUS#\"\u003E\n          \u003Cspan class=\"t-Icon #EVENT_ICON#\"\u003E\u003C\/span\u003E\n          \u003Cspan class=\"t-Timeline-typename\"\u003E#EVENT_TYPE#\u003C\/span\u003E\n        \u003C\/div\u003E\n      \u003C\/div\u003E\n      \u003Cdiv class=\"t-Timeline-body\"\u003E\n        \u003Ch3 class=\"t-Timeline-title\"\u003E#EVENT_TITLE#\u003C\/h3\u003E\n        \u003Cp class=\"t-Timeline-desc\"\u003E#EVENT_DESC#\u003C\/p\u003E\n      \u003C\/div\u003E\n    \u003C\/div\u003E\n  \u003C\/div\u003E\n\u003C\/li\u003E"
     ,"Condition":"Use Based on PL\/SQL Expression"
     ,"PL\/SQL Expression":":EVENT_LINK is null"
    }
   ,"Row Template 2":{
      "Template":"\u003Cli class=\"t-Timeline-item #EVENT_MODIFIERS#\" #EVENT_ATTRIBUTES#\u003E\n  \u003Ca href=\"#EVENT_LINK#\" class=\"t-Timeline-wrap\"\u003E\n    \u003Cdiv class=\"t-Timeline-user\"\u003E\n      \u003Cdiv class=\"t-Timeline-avatar #USER_COLOR#\" role=\"presentation\"\u003E\n        #USER_AVATAR#\n      \u003C\/div\u003E\n      \u003Cdiv class=\"t-Timeline-userinfo\"\u003E\n        \u003Cspan class=\"t-Timeline-username\"\u003E#USER_NAME#\u003C\/span\u003E\n        \u003Cspan class=\"t-Timeline-date\"\u003E#EVENT_DATE#\u003C\/span\u003E\n      \u003C\/div\u003E\n    \u003C\/div\u003E\n    \u003Cdiv class=\"t-Timeline-content\"\u003E\n      \u003Cdiv class=\"t-Timeline-typeWrap\"\u003E\n        \u003Cdiv class=\"t-Timeline-type #EVENT_STATUS#\"\u003E\n          \u003Cspan class=\"t-Icon #EVENT_ICON#\"\u003E\u003C\/span\u003E\n          \u003Cspan class=\"t-Timeline-typename\"\u003E#EVENT_TYPE#\u003C\/span\u003E\n        \u003C\/div\u003E\n      \u003C\/div\u003E\n      \u003Cdiv class=\"t-Timeline-body\"\u003E\n        \u003Ch3 class=\"t-Timeline-title\"\u003E#EVENT_TITLE#\u003C\/h3\u003E\n        \u003Cp class=\"t-Timeline-desc\"\u003E#EVENT_DESC#\u003C\/p\u003E\n      \u003C\/div\u003E\n    \u003C\/div\u003E\n  \u003C\/a\u003E\n\u003C\/li\u003E"
     ,"Condition":"0"
    }
   ,"Pagination Subtemplates":{
      "Pagination":"\u003Cspan class=\"t-Report-paginationText\"\u003E#TEXT#\u003C\/span\u003E"
     ,"Next Page":"\u003Ca href=\"#LINK#\" class=\"t-Button t-Button--small t-Button--noUI t-Report-paginationLink t-Report-paginationLink--next\"\u003E\n  #PAGINATION_NEXT#\u003Cspan class=\"a-Icon icon-right-arrow\" aria-hidden=\"true\"\u003E\u003C\/span\u003E\n\u003C\/a\u003E"
     ,"Previous Page":"\u003Ca href=\"#LINK#\" class=\"t-Button t-Button--small t-Button--noUI t-Report-paginationLink t-Report-paginationLink--prev\"\u003E\n  \u003Cspan class=\"a-Icon icon-left-arrow\" aria-hidden=\"true\"\u003E\u003C\/span\u003E#PAGINATION_PREVIOUS#\n\u003C\/a\u003E"
     ,"Next Set":"\u003Ca href=\"#LINK#\" class=\"t-Button t-Button--small t-Button--noUI t-Report-paginationLink t-Report-paginationLink--next\"\u003E\n  #PAGINATION_NEXT_SET#\u003Cspan class=\"a-Icon icon-right-arrow\" aria-hidden=\"true\"\u003E\u003C\/span\u003E\n\u003C\/a\u003E"
     ,"Previous Set":"\u003Ca href=\"#LINK#\" class=\"t-Button t-Button--small t-Button--noUI t-Report-paginationLink t-Report-paginationLink--prev\"\u003E\n  \u003Cspan class=\"a-Icon icon-left-arrow\" aria-hidden=\"true\"\u003E\u003C\/span\u003E#PAGINATION_PREVIOUS_SET#\n\u003C\/a\u003E"
    }
   ,"Template Options":[
      {
        "id":"19246768021640224121"
       ,"Identification":{
          "Name":"Compact"
         ,"Identifier":"COMPACT"
         ,"Group":"Style (19246749817513224114)"
         ,"Sequence":1
        }
       ,"Settings":{
          "Advanced":false
        }
       ,"Appearance":{
          "CSS Classes":[
            "t-Timeline--compact"
          ]
        }
       ,"Help":{
          "Help Text":"Displays a compact version of timeline with smaller text and fewer columns."
        }
      }
    ]
  }
 ,{
    "id":"19246768149698224121"
   ,"Identification":{
      "Name":"Value Attribute Pairs - Column"
     ,"Identifier":"VALUE_ATTRIBUTE_PAIRS_COLUMN"
     ,"Class":"Value Attribute Pairs"
    }
   ,"Subscription":{
      "Master":{
        "Referenced Id":"2099068636272681754"
      }
    }
   ,"Advanced":{
      "Translatable":false
    }
   ,"Template Options":{
      "Preset":[
        "t-AVPList--leftAligned"
      ]
    }
   ,"Attributes":{
      "Type":"Generic Columns (column template)"
    }
   ,"Report Template":{
      "Top":"\u003Cdl class=\"t-AVPList #COMPONENT_CSS_CLASSES#\" #REPORT_ATTRIBUTES# data-region-id=\"#REGION_STATIC_ID#\"\u003E"
     ,"Bottom":"\u003C\/dl\u003E\n\u003Ctable class=\"t-Report-pagination\" role=\"presentation\"\u003E#PAGINATION#\u003C\/table\u003E"
    }
   ,"Column Template 1":{
      "Template":"\u003Cdt class=\"t-AVPList-label\"\u003E\n  #COLUMN_HEADER#\n\u003C\/dt\u003E\n\u003Cdd class=\"t-AVPList-value\"\u003E\n  #COLUMN_VALUE#\n\u003C\/dd\u003E"
     ,"Condition":"0"
    }
   ,"Pagination Subtemplates":{
      "Pagination":"\u003Cspan class=\"t-Report-paginationText\"\u003E#TEXT#\u003C\/span\u003E"
     ,"Next Page":"\u003Ca href=\"#LINK#\" class=\"t-Button t-Button--small t-Button--noUI t-Report-paginationLink t-Report-paginationLink--next\"\u003E\n  #PAGINATION_NEXT#\u003Cspan class=\"a-Icon icon-right-arrow\" aria-hidden=\"true\"\u003E\u003C\/span\u003E\n\u003C\/a\u003E"
     ,"Previous Page":"\u003Ca href=\"#LINK#\" class=\"t-Button t-Button--small t-Button--noUI t-Report-paginationLink t-Report-paginationLink--prev\"\u003E\n  \u003Cspan class=\"a-Icon icon-left-arrow\" aria-hidden=\"true\"\u003E\u003C\/span\u003E#PAGINATION_PREVIOUS#\n\u003C\/a\u003E"
     ,"Next Set":"\u003Ca href=\"#LINK#\" class=\"t-Button t-Button--small t-Button--noUI t-Report-paginationLink t-Report-paginationLink--next\"\u003E\n  #PAGINATION_NEXT_SET#\u003Cspan class=\"a-Icon icon-right-arrow\"\u003E\u003C\/span\u003E\n\u003C\/a\u003E"
     ,"Previous Set":"\u003Ca href=\"#LINK#\" class=\"t-Button t-Button--small t-Button--noUI t-Report-paginationLink t-Report-paginationLink--prev\"\u003E\n  \u003Cspan class=\"a-Icon icon-left-arrow\" aria-hidden=\"true\"\u003E\u003C\/span\u003E#PAGINATION_PREVIOUS_SET#\n\u003C\/a\u003E"
    }
   ,"Template Options":[
      {
        "id":"19246768600684224122"
       ,"Identification":{
          "Name":"Fixed - Large"
         ,"Identifier":"FIXED_LARGE"
         ,"Group":"Label Width (19246768418498224121)"
         ,"Sequence":30
        }
       ,"Settings":{
          "Advanced":false
        }
       ,"Appearance":{
          "CSS Classes":[
            "t-AVPList--fixedLabelLarge"
          ]
        }
      }
     ,{
        "id":"19246768846193224122"
       ,"Identification":{
          "Name":"Fixed - Medium"
         ,"Identifier":"FIXED_MEDIUM"
         ,"Group":"Label Width (19246768418498224121)"
         ,"Sequence":20
        }
       ,"Settings":{
          "Advanced":false
        }
       ,"Appearance":{
          "CSS Classes":[
            "t-AVPList--fixedLabelMedium"
          ]
        }
      }
     ,{
        "id":"19246769018920224122"
       ,"Identification":{
          "Name":"Fixed - Small"
         ,"Identifier":"FIXED_SMALL"
         ,"Group":"Label Width (19246768418498224121)"
         ,"Sequence":10
        }
       ,"Settings":{
          "Advanced":false
        }
       ,"Appearance":{
          "CSS Classes":[
            "t-AVPList--fixedLabelSmall"
          ]
        }
      }
     ,{
        "id":"19246769208756224122"
       ,"Identification":{
          "Name":"Left Aligned Details"
         ,"Identifier":"LEFT_ALIGNED_DETAILS"
         ,"Group":"Layout (19246747803506224113)"
         ,"Sequence":10
        }
       ,"Settings":{
          "Advanced":false
        }
       ,"Appearance":{
          "CSS Classes":[
            "t-AVPList--leftAligned"
          ]
        }
      }
     ,{
        "id":"19246769408524224122"
       ,"Identification":{
          "Name":"Right Aligned Details"
         ,"Identifier":"RIGHT_ALIGNED_DETAILS"
         ,"Group":"Layout (19246747803506224113)"
         ,"Sequence":20
        }
       ,"Settings":{
          "Advanced":false
        }
       ,"Appearance":{
          "CSS Classes":[
            "t-AVPList--rightAligned"
          ]
        }
      }
     ,{
        "id":"19246769666630224122"
       ,"Identification":{
          "Name":"Variable - Large"
         ,"Identifier":"VARIABLE_LARGE"
         ,"Group":"Label Width (19246768418498224121)"
         ,"Sequence":60
        }
       ,"Settings":{
          "Advanced":false
        }
       ,"Appearance":{
          "CSS Classes":[
            "t-AVPList--variableLabelLarge"
          ]
        }
      }
     ,{
        "id":"19246769864208224122"
       ,"Identification":{
          "Name":"Variable - Medium"
         ,"Identifier":"VARIABLE_MEDIUM"
         ,"Group":"Label Width (19246768418498224121)"
         ,"Sequence":50
        }
       ,"Settings":{
          "Advanced":false
        }
       ,"Appearance":{
          "CSS Classes":[
            "t-AVPList--variableLabelMedium"
          ]
        }
      }
     ,{
        "id":"19246770060414224122"
       ,"Identification":{
          "Name":"Variable - Small"
         ,"Identifier":"VARIABLE_SMALL"
         ,"Group":"Label Width (19246768418498224121)"
         ,"Sequence":40
        }
       ,"Settings":{
          "Advanced":false
        }
       ,"Appearance":{
          "CSS Classes":[
            "t-AVPList--variableLabelSmall"
          ]
        }
      }
    ]
  }
 ,{
    "id":"19246770198025224122"
   ,"Identification":{
      "Name":"Value Attribute Pairs - Row"
     ,"Identifier":"VALUE_ATTRIBUTE_PAIRS_ROW"
     ,"Class":"Custom 1"
    }
   ,"Subscription":{
      "Master":{
        "Referenced Id":"2099068321678681753"
      }
    }
   ,"Advanced":{
      "Translatable":false
    }
   ,"Template Options":{
      "Preset":[
        "t-AVPList--leftAligned"
      ]
    }
   ,"Attributes":{
      "Type":"Named Column (row template)"
    }
   ,"Report Template":{
      "Top":"\u003Cdl class=\"t-AVPList #COMPONENT_CSS_CLASSES#\" #REPORT_ATTRIBUTES# id=\"report_#REGION_STATIC_ID#\" data-region-id=\"#REGION_STATIC_ID#\"\u003E"
     ,"Bottom":"\u003C\/dl\u003E\n\u003Ctable class=\"t-Report-pagination\" role=\"presentation\"\u003E#PAGINATION#\u003C\/table\u003E"
    }
   ,"Row Template 1":{
      "Template":"\u003Cdt class=\"t-AVPList-label\"\u003E\n  #1#\n\u003C\/dt\u003E\n\u003Cdd class=\"t-AVPList-value\"\u003E\n  #2#\n\u003C\/dd\u003E"
     ,"Condition":"0"
    }
   ,"Pagination Subtemplates":{
      "Pagination":"\u003Cspan class=\"t-Report-paginationText\"\u003E#TEXT#\u003C\/span\u003E"
     ,"Next Page":"\u003Ca href=\"#LINK#\" class=\"t-Button t-Button--small t-Button--noUI t-Report-paginationLink t-Report-paginationLink--next\"\u003E\n  #PAGINATION_NEXT#\u003Cspan class=\"a-Icon icon-right-arrow\" aria-hidden=\"true\"\u003E\u003C\/span\u003E\n\u003C\/a\u003E"
     ,"Previous Page":"\u003Ca href=\"#LINK#\" class=\"t-Button t-Button--small t-Button--noUI t-Report-paginationLink t-Report-paginationLink--prev\"\u003E\n  \u003Cspan class=\"a-Icon icon-left-arrow\" aria-hidden=\"true\"\u003E\u003C\/span\u003E#PAGINATION_PREVIOUS#\n\u003C\/a\u003E"
     ,"Next Set":"\u003Ca href=\"#LINK#\" class=\"t-Button t-Button--small t-Button--noUI t-Report-paginationLink t-Report-paginationLink--next\"\u003E\n  #PAGINATION_NEXT_SET#\u003Cspan class=\"a-Icon icon-right-arrow\" aria-hidden=\"true\"\u003E\u003C\/span\u003E\n\u003C\/a\u003E"
     ,"Previous Set":"\u003Ca href=\"#LINK#\" class=\"t-Button t-Button--small t-Button--noUI t-Report-paginationLink t-Report-paginationLink--prev\"\u003E\n  \u003Cspan class=\"a-Icon icon-left-arrow\" aria-hidden=\"true\"\u003E\u003C\/span\u003E#PAGINATION_PREVIOUS_SET#\n\u003C\/a\u003E"
    }
   ,"Template Options":[
      {
        "id":"19246770471407224122"
       ,"Identification":{
          "Name":"Fixed - Large"
         ,"Identifier":"FIXED_LARGE"
         ,"Group":"Label Width (19246768418498224121)"
         ,"Sequence":30
        }
       ,"Settings":{
          "Advanced":false
        }
       ,"Appearance":{
          "CSS Classes":[
            "t-AVPList--fixedLabelLarge"
          ]
        }
      }
     ,{
        "id":"19246770620806224122"
       ,"Identification":{
          "Name":"Fixed - Medium"
         ,"Identifier":"FIXED_MEDIUM"
         ,"Group":"Label Width (19246768418498224121)"
         ,"Sequence":20
        }
       ,"Settings":{
          "Advanced":false
        }
       ,"Appearance":{
          "CSS Classes":[
            "t-AVPList--fixedLabelMedium"
          ]
        }
      }
     ,{
        "id":"19246770866858224122"
       ,"Identification":{
          "Name":"Fixed - Small"
         ,"Identifier":"FIXED_SMALL"
         ,"Group":"Label Width (19246768418498224121)"
         ,"Sequence":10
        }
       ,"Settings":{
          "Advanced":false
        }
       ,"Appearance":{
          "CSS Classes":[
            "t-AVPList--fixedLabelSmall"
          ]
        }
      }
     ,{
        "id":"19246771053673224123"
       ,"Identification":{
          "Name":"Left Aligned Details"
         ,"Identifier":"LEFT_ALIGNED_DETAILS"
         ,"Group":"Layout (19246747803506224113)"
         ,"Sequence":10
        }
       ,"Settings":{
          "Advanced":false
        }
       ,"Appearance":{
          "CSS Classes":[
            "t-AVPList--leftAligned"
          ]
        }
      }
     ,{
        "id":"19246771230875224123"
       ,"Identification":{
          "Name":"Right Aligned Details"
         ,"Identifier":"RIGHT_ALIGNED_DETAILS"
         ,"Group":"Layout (19246747803506224113)"
         ,"Sequence":20
        }
       ,"Settings":{
          "Advanced":false
        }
       ,"Appearance":{
          "CSS Classes":[
            "t-AVPList--rightAligned"
          ]
        }
      }
     ,{
        "id":"19246771424373224123"
       ,"Identification":{
          "Name":"Variable - Large"
         ,"Identifier":"VARIABLE_LARGE"
         ,"Group":"Label Width (19246768418498224121)"
         ,"Sequence":60
        }
       ,"Settings":{
          "Advanced":false
        }
       ,"Appearance":{
          "CSS Classes":[
            "t-AVPList--variableLabelLarge"
          ]
        }
      }
     ,{
        "id":"19246771647127224123"
       ,"Identification":{
          "Name":"Variable - Medium"
         ,"Identifier":"VARIABLE_MEDIUM"
         ,"Group":"Label Width (19246768418498224121)"
         ,"Sequence":50
        }
       ,"Settings":{
          "Advanced":false
        }
       ,"Appearance":{
          "CSS Classes":[
            "t-AVPList--variableLabelMedium"
          ]
        }
      }
     ,{
        "id":"19246771887677224123"
       ,"Identification":{
          "Name":"Variable - Small"
         ,"Identifier":"VARIABLE_SMALL"
         ,"Group":"Label Width (19246768418498224121)"
         ,"Sequence":40
        }
       ,"Settings":{
          "Advanced":false
        }
       ,"Appearance":{
          "CSS Classes":[
            "t-AVPList--variableLabelSmall"
          ]
        }
      }
    ]
  }
]
