{
  "id":"42"
 ,"Identification":{
    "Theme Number":42
   ,"Name":"Universal Theme"
   ,"Identifier":"UNIVERSAL_THEME"
  }
 ,"Navigation":{
    "Type":"List"
   ,"Navigation Bar Type":"List"
  }
 ,"JavaScript":{
    "File URLs":[
      "#APEX_FILES#libraries\/apex\/#MIN_DIRECTORY#widget.stickyWidget#MIN#.js?v=#APEX_VERSION#"
     ,"#THEME_FILES#js\/theme42#MIN#.js?v=#APEX_VERSION#"
    ]
  }
 ,"CSS":{
    "File URLs":[
      "#THEME_FILES#css\/Core#MIN#.css?v=#APEX_VERSION#"
    ]
  }
 ,"Component Defaults":{
    "Page":"Standard (19246650054996224071)"
   ,"Navigation Bar List":"Navigation Bar (19246787593565224130)"
   ,"Navigation Menu List Position":"Side"
   ,"Navigation Menu List (Top)":"Top Navigation Menu (19246793444670224133)"
   ,"Navigation Menu List (Side)":"Side Navigation Menu (19246787965863224130)"
   ,"Login Page":"Login (19246634896073224064)"
   ,"Error Page":"Login (19246634896073224064)"
   ,"Printer Friendly Page":"Standard (19246650054996224071)"
   ,"Breadcrumb":"19246801919712224138"
   ,"Button":"Text (19246800375485224137)"
   ,"Legacy Calendar":"Calendar (19246802076087224138)"
   ,"Default Label":"Optional - Floating (19246797825851224136)"
   ,"Optional Label":"Optional - Floating (19246797825851224136)"
   ,"Required Label":"Required - Floating (19246799192896224136)"
   ,"List":"Links List (19246781513706224127)"
   ,"Region":"Standard (19246726771998224104)"
   ,"Classic Report":"Standard (19246765162760224120)"
  }
 ,"Region Defaults":{
    "Breadcrumbs":"Title Bar (19246739169916224109)"
   ,"Charts":"Standard (19246726771998224104)"
   ,"Forms":"Standard (19246726771998224104)"
   ,"Lists":"Standard (19246726771998224104)"
   ,"Reports":"Standard (19246726771998224104)"
   ,"Wizards":"Standard (19246726771998224104)"
   ,"Interactive Reports":"Interactive Report (19246716927069224100)"
  }
 ,"Dialog Defaults":{
    "Dialog Content Region":"Blank with Attributes (19246660185641224076)"
   ,"Dialog Button Region":"Buttons Container (19246662983260224077)"
   ,"Dialog Page":"Modal Dialog (19246644852320224069)"
  }
 ,"Icons":{
    "Library":"Font APEX"
  }
 ,"Files":{
    "File Prefix":"#APEX_FILES#themes\/theme_42\/23.1\/"
  }
 ,"Styles":[
    {
      "id":"19246884752082224180"
     ,"Identification":{
        "Name":"Redwood Light"
      }
     ,"Settings":{
        "Is Current":false
       ,"Is Public":true
       ,"Accessibility Tested":false
      }
     ,"CSS":{
        "File URLs":[
          "#APEX_FILES#libraries\/oracle-fonts\/oraclesans-apex#MIN#.css?v=#APEX_VERSION#"
         ,"#THEME_FILES#css\/Redwood#MIN#.css?v=#APEX_VERSION#"
        ]
      }
     ,"Theme Roller Attributes":{
        "Read Only":true
       ,"Input Parameter File URLs":"#THEME_FILES#less\/theme\/Redwood-Theme.less"
       ,"Output CSS File URL":"#THEME_FILES#css\/Redwood-Theme#MIN#.css?v=#APEX_VERSION#"
      }
    }
   ,{
      "id":"19246884920002224181"
     ,"Identification":{
        "Name":"Vita"
      }
     ,"Settings":{
        "Is Current":true
       ,"Is Public":true
       ,"Accessibility Tested":true
      }
     ,"Theme Roller Attributes":{
        "Read Only":true
       ,"Input Parameter File URLs":"#THEME_FILES#less\/theme\/Vita.less"
       ,"Output CSS File URL":"#THEME_FILES#css\/Vita#MIN#.css?v=#APEX_VERSION#"
      }
    }
   ,{
      "id":"19246885199246224181"
     ,"Identification":{
        "Name":"Vita - Dark"
      }
     ,"Settings":{
        "Is Current":false
       ,"Is Public":true
       ,"Accessibility Tested":false
      }
     ,"Theme Roller Attributes":{
        "Read Only":true
       ,"Input Parameter File URLs":"#THEME_FILES#less\/theme\/Vita-Dark.less"
       ,"Output CSS File URL":"#THEME_FILES#css\/Vita-Dark#MIN#.css?v=#APEX_VERSION#"
      }
    }
   ,{
      "id":"19246885324805224181"
     ,"Identification":{
        "Name":"Vita - Red"
      }
     ,"Settings":{
        "Is Current":false
       ,"Is Public":true
       ,"Accessibility Tested":false
      }
     ,"Theme Roller Attributes":{
        "Read Only":true
       ,"Input Parameter File URLs":"#THEME_FILES#less\/theme\/Vita-Red.less"
       ,"Output CSS File URL":"#THEME_FILES#css\/Vita-Red#MIN#.css?v=#APEX_VERSION#"
      }
    }
   ,{
      "id":"19246885593223224181"
     ,"Identification":{
        "Name":"Vita - Slate"
      }
     ,"Settings":{
        "Is Current":false
       ,"Is Public":true
       ,"Accessibility Tested":false
      }
     ,"Theme Roller Attributes":{
        "Read Only":true
       ,"Input Parameter File URLs":"#THEME_FILES#less\/theme\/Vita-Slate.less"
       ,"Output CSS File URL":"#THEME_FILES#css\/Vita-Slate#MIN#.css?v=#APEX_VERSION#"
      }
    }
  ]
}
