{
  "id":"16"
 ,"Identification":{
    "Name":"Aktualne_zamowienia_dla_klientow"
   ,"Alias":"AKTUALNE-ZAMOWIENIA-DLA-KLIENTOW"
   ,"Title":"Aktualne_zamowienia_dla_klientow"
  }
 ,"Appearance":{
    "Page Mode":"Modal Dialog"
   ,"Dialog Template":"Theme Default"
   ,"Template Options":[
      "#DEFAULT#"
    ]
  }
 ,"Dialog":{
    "Chained":true
  }
 ,"Navigation Menu":{
    "Override User Interface Level":false
  }
 ,"Navigation":{
    "Cursor Focus":"Do not focus cursor"
   ,"Warn on Unsaved Changes":true
  }
 ,"Security":{
    "Authentication":"Page Requires Authentication"
   ,"Deep Linking":"Application Default"
   ,"Page Access Protection":"Arguments Must Have Checksum"
   ,"Form Auto Complete":"Off"
   ,"Browser Cache":"Application Default"
  }
 ,"Session Management":{
    "Rejoin Sessions":"Application Default"
  }
 ,"Advanced":{
    "Enable duplicate page submissions":"Yes - Enable page to be re-posted"
   ,"Reload on Submit":"Only for Success"
  }
 ,"Server Cache":{
    "Caching":"Disabled"
  }
 ,"Regions":[
    {
      "id":"20781525934022863678"
     ,"Identification":{
        "Title":"Aktualne_zamowienia_dla_klientow"
       ,"Type":"Interactive Report"
      }
     ,"Source":{
        "Location":"Local Database"
       ,"Type":"SQL Query"
       ,"SQL Query":"SELECT *\nFROM POZYCJE\nWHERE WYKONANO = 0;"
      }
     ,"Layout":{
        "Sequence":10
       ,"Parent Region":"No Parent"
       ,"Position":"BODY"
       ,"Start New Layout":false
       ,"Start New Row":true
       ,"Column":"Automatic"
       ,"New Column":true
       ,"Column Span":"Automatic"
      }
     ,"Appearance":{
        "Template":"Interactive Report (19246716927069224100)"
       ,"Template Options":[
          "#DEFAULT#"
        ]
       ,"Render Components":"Above Content"
      }
     ,"Accessibility":{
        "Use Landmark":true
       ,"Landmark Type":"Template Default"
      }
     ,"Advanced":{
        "Region Display Selector":false
       ,"Exclude Title from Translation":false
      }
     ,"Server Cache":{
        "Caching":"Disabled"
      }
     ,"Customization":{
        "Customizable":"Not Customizable By End Users"
      }
     ,"Attributes":{
        "id":"20781526017605863678"
       ,"Link":{
          "Link Column":"Exclude Link Column"
        }
       ,"Pagination":{
          "Type":"Row Ranges X to Y"
         ,"Display Position":"Bottom - Right"
        }
       ,"Performance":{
          "Lazy Loading":false
        }
       ,"Messages":{
          "When No Data Found":"No data found."
         ,"When More Data Found":"The maximum row count for this report is #MAX_ROW_COUNT# rows.  Please apply a filter to reduce the number of records in your query."
        }
       ,"Search Bar":{
          "Include Search Bar":true
         ,"Search Field":true
         ,"Finder Drop Down":true
         ,"Reports Select List":true
         ,"Rows Per Page Selector":false
        }
       ,"Actions Menu":{
          "Include Actions Menu":true
         ,"Filter":true
         ,"Select Columns":true
         ,"Rows Per Page":true
         ,"Sort":true
         ,"Control Break":true
         ,"Highlight":true
         ,"Compute":true
         ,"Aggregate":true
         ,"Chart":true
         ,"Group By":true
         ,"Pivot":true
         ,"Flashback":true
         ,"Save Report":true
         ,"Save Public Report":false
         ,"Reset":true
         ,"Help":true
         ,"Download":true
         ,"Subscription":true
        }
       ,"Download":{
          "Formats":[
            "CSV"
           ,"HTML"
           ,"Excel"
           ,"PDF"
          ]
         ,"Send as Email":true
        }
       ,"Heading":{
          "Fixed To":"Page"
        }
       ,"Icon View":{
          "Show":false
        }
       ,"Detail View":{
          "Show":false
        }
       ,"Saved Reports":[
          {
            "id":"20785767101369410899"
           ,"Identification":{
              "Name":"Primary Report"
             ,"Alias":"207857672"
            }
          }
        ]
       ,"Columns":[
          {
            "id":"20523383395277516436"
           ,"Identification":{
              "Column Name":"ID_KLIENTA"
             ,"Type":"Plain Text"
            }
           ,"Heading":{
              "Heading":"Id Klienta"
             ,"Alignment":"end"
            }
           ,"Single Row View":{
              "Use Column Heading":true
            }
           ,"Layout":{
              "Sequence":17
             ,"Column Alignment":"end"
            }
           ,"Accessibility":{
              "Value Identifies Row":false
            }
           ,"Source":{
              "Primary Key":false
            }
           ,"Column Filter":{
              "Type":"Default Based on Column Type"
            }
           ,"Enable Users To":{
              "Hide":true
             ,"Sort":true
             ,"Filter":true
             ,"Highlight":true
             ,"Control Break":true
             ,"Aggregate":true
             ,"Compute":true
             ,"Chart":true
             ,"Group By":true
             ,"Pivot":true
            }
           ,"Security":{
              "Escape special characters":true
            }
          }
         ,{
            "id":"20781527190774863771"
           ,"Identification":{
              "Column Name":"ID_POZYCJI"
             ,"Type":"Hidden Column"
            }
           ,"Heading":{
              "Heading":"Id Pozycji"
            }
           ,"Layout":{
              "Sequence":0
            }
           ,"Source":{
              "Primary Key":true
            }
           ,"Security":{
              "Escape special characters":true
            }
          }
         ,{
            "id":"20781527917374863772"
           ,"Identification":{
              "Column Name":"ILOSC"
             ,"Type":"Plain Text"
            }
           ,"Heading":{
              "Heading":"Ilosc"
             ,"Alignment":"end"
            }
           ,"Single Row View":{
              "Use Column Heading":true
            }
           ,"Layout":{
              "Sequence":3
             ,"Column Alignment":"end"
            }
           ,"Accessibility":{
              "Value Identifies Row":false
            }
           ,"Appearance":{
              "Format Mask":"999G999G999G999G999G999G999G999G999G990"
            }
           ,"Source":{
              "Primary Key":false
            }
           ,"Column Filter":{
              "Type":"Default Based on Column Type"
            }
           ,"Enable Users To":{
              "Hide":true
             ,"Sort":true
             ,"Filter":true
             ,"Highlight":true
             ,"Control Break":true
             ,"Aggregate":true
             ,"Compute":true
             ,"Chart":true
             ,"Group By":true
             ,"Pivot":true
            }
           ,"Security":{
              "Escape special characters":true
            }
          }
         ,{
            "id":"20781528347566863772"
           ,"Identification":{
              "Column Name":"DLUGOSC"
             ,"Type":"Plain Text"
            }
           ,"Heading":{
              "Heading":"Dlugosc"
             ,"Alignment":"end"
            }
           ,"Single Row View":{
              "Use Column Heading":true
            }
           ,"Layout":{
              "Sequence":4
             ,"Column Alignment":"end"
            }
           ,"Accessibility":{
              "Value Identifies Row":false
            }
           ,"Source":{
              "Primary Key":false
            }
           ,"Column Filter":{
              "Type":"Default Based on Column Type"
            }
           ,"Enable Users To":{
              "Hide":true
             ,"Sort":true
             ,"Filter":true
             ,"Highlight":true
             ,"Control Break":true
             ,"Aggregate":true
             ,"Compute":true
             ,"Chart":true
             ,"Group By":true
             ,"Pivot":true
            }
           ,"Security":{
              "Escape special characters":true
            }
          }
         ,{
            "id":"20781528752482863772"
           ,"Identification":{
              "Column Name":"SZEROKOSC"
             ,"Type":"Plain Text"
            }
           ,"Heading":{
              "Heading":"Szerokosc"
             ,"Alignment":"end"
            }
           ,"Single Row View":{
              "Use Column Heading":true
            }
           ,"Layout":{
              "Sequence":5
             ,"Column Alignment":"end"
            }
           ,"Accessibility":{
              "Value Identifies Row":false
            }
           ,"Appearance":{
              "Format Mask":"990"
            }
           ,"Source":{
              "Primary Key":false
            }
           ,"Column Filter":{
              "Type":"Default Based on Column Type"
            }
           ,"Enable Users To":{
              "Hide":true
             ,"Sort":true
             ,"Filter":true
             ,"Highlight":true
             ,"Control Break":true
             ,"Aggregate":true
             ,"Compute":true
             ,"Chart":true
             ,"Group By":true
             ,"Pivot":true
            }
           ,"Security":{
              "Escape special characters":true
            }
          }
         ,{
            "id":"20781529194733863773"
           ,"Identification":{
              "Column Name":"TERMIN_REALIZACJI"
             ,"Type":"Plain Text"
            }
           ,"Heading":{
              "Heading":"Termin Realizacji"
             ,"Alignment":"start"
            }
           ,"Single Row View":{
              "Use Column Heading":true
            }
           ,"Layout":{
              "Sequence":6
             ,"Column Alignment":"start"
            }
           ,"Accessibility":{
              "Value Identifies Row":false
            }
           ,"Source":{
              "Primary Key":false
            }
           ,"Column Filter":{
              "Type":"Default Based on Column Type"
             ,"Date Ranges":"All"
            }
           ,"Enable Users To":{
              "Hide":true
             ,"Sort":true
             ,"Filter":true
             ,"Highlight":true
             ,"Control Break":true
             ,"Aggregate":true
             ,"Compute":true
             ,"Chart":true
             ,"Group By":true
             ,"Pivot":true
            }
           ,"Security":{
              "Escape special characters":true
            }
          }
         ,{
            "id":"20781529559319863773"
           ,"Identification":{
              "Column Name":"WYKONANO"
             ,"Type":"Plain Text"
            }
           ,"Heading":{
              "Heading":"Wykonano"
             ,"Alignment":"end"
            }
           ,"Single Row View":{
              "Use Column Heading":true
            }
           ,"Layout":{
              "Sequence":7
             ,"Column Alignment":"end"
            }
           ,"Accessibility":{
              "Value Identifies Row":false
            }
           ,"Appearance":{
              "Format Mask":"999G999G999G999G999G999G999G999G999G990"
            }
           ,"Source":{
              "Primary Key":false
            }
           ,"Column Filter":{
              "Type":"Default Based on Column Type"
            }
           ,"Enable Users To":{
              "Hide":true
             ,"Sort":true
             ,"Filter":true
             ,"Highlight":true
             ,"Control Break":true
             ,"Aggregate":true
             ,"Compute":true
             ,"Chart":true
             ,"Group By":true
             ,"Pivot":true
            }
           ,"Security":{
              "Escape special characters":true
            }
          }
        ]
       ,"Printing":{
          "Output":{
            "View File As":"Attachment"
          }
         ,"Page":{
            "Size":"Letter"
           ,"Orientation":"Landscape"
           ,"Units":"Inches"
           ,"Width":11
           ,"Height":8.5
           ,"Border Width":0.5
           ,"Border Color":"#666666"
          }
         ,"Page Header":{
            "Font":"Helvetica"
           ,"Font Weight":"Normal"
           ,"Font Size":12
           ,"Font Color":"#000000"
           ,"Alignment":"center"
           ,"Page Header Text":"Aktualne_zamowienia_dla_klientow"
          }
         ,"Column Headings":{
            "Font":"Helvetica"
           ,"Font Weight":"Bold"
           ,"Font Size":10
           ,"Font Color":"#000000"
           ,"Background Color":"#EEEEEE"
          }
         ,"Columns":{
            "Font":"Helvetica"
           ,"Font Weight":"Normal"
           ,"Font Size":10
           ,"Font Color":"#000000"
           ,"Background Color":"#FFFFFF"
          }
         ,"Page Footer":{
            "Font":"Helvetica"
           ,"Font Weight":"Normal"
           ,"Font Size":12
           ,"Font Color":"#000000"
           ,"Alignment":"center"
          }
        }
      }
    }
  ]
}
