{
  "id":"3"
 ,"Identification":{
    "Name":"Wykonane ciecia dla klient\u00F3w"
   ,"Alias":"WYKONANE-CIECIA-DLA-KLIENT\u00D3W"
   ,"Title":"Wykonane ciecia dla klient\u00F3w"
  }
 ,"Appearance":{
    "Page Mode":"Modal Dialog"
   ,"Dialog Template":"Theme Default"
   ,"Template Options":[
      "#DEFAULT#"
    ]
  }
 ,"Dialog":{
    "Chained":true
  }
 ,"Navigation Menu":{
    "Override User Interface Level":false
  }
 ,"Navigation":{
    "Cursor Focus":"Do not focus cursor"
   ,"Warn on Unsaved Changes":true
  }
 ,"Security":{
    "Authentication":"Page Requires Authentication"
   ,"Deep Linking":"Application Default"
   ,"Page Access Protection":"Arguments Must Have Checksum"
   ,"Form Auto Complete":"Off"
   ,"Browser Cache":"Application Default"
  }
 ,"Session Management":{
    "Rejoin Sessions":"Application Default"
  }
 ,"Advanced":{
    "Enable duplicate page submissions":"Yes - Enable page to be re-posted"
   ,"Reload on Submit":"Only for Success"
  }
 ,"Server Cache":{
    "Caching":"Disabled"
  }
 ,"Help":{
    "Help Text":"\u003Cp\u003ETo find data enter a search term into the search dialog, or click on the column headings to limit the records returned.\u003C\/p\u003E\n\n\u003Cp\u003EYou can perform numerous functions by clicking the \u003Cstrong\u003EActions\u003C\/strong\u003E button. This includes selecting the columns that are displayed \/ hidden and their display sequence, plus numerous data and format functions.  You can also define additional views of the data using the chart, group by, and pivot options.\u003C\/p\u003E\n\n\u003Cp\u003EIf you want to save your customizations select report, or click download to unload the data. Enter you email address and time frame under subscription to be sent the data on a regular basis.\u003Cp\u003E\n\n\u003Cp\u003EFor additional information click Help at the bottom of the Actions menu.\u003C\/p\u003E \n\n\u003Cp\u003EClick the \u003Cstrong\u003EReset\u003C\/strong\u003E button to reset the interactive report back to the default settings.\u003C\/p\u003E"
  }
 ,"Regions":[
    {
      "id":"19246929743268224305"
     ,"Identification":{
        "Title":"Ciecia"
       ,"Type":"Interactive Report"
      }
     ,"Source":{
        "Location":"Local Database"
       ,"Type":"SQL Query"
       ,"SQL Query":"SELECT \n    k.imie,\n    k.nazwisko,\n    k.numer_telefonu,\n    c.id_blatu,\n    c.pozycja_x AS wymiar_x_wycinka,\n    c.pozycja_y AS wymiar_y_wycinka,\n    s.dlugosc AS \"dlugosc_blatu_z_magazynu\",\n    s.szerokosc AS \"szerokosc_blatu_z_magazynu\"\nFROM \n    ciecia c\nLEFT JOIN \n    surowce s ON c.id_blatu = s.id_blatu\nLEFT JOIN \n    historia_ciec hc ON c.id_ciecia = hc.id_ciecia\nLEFT JOIN \n    pozycje p ON hc.id_pozycji = p.id_pozycji\nLEFT JOIN \n    klienci k ON p.id_klienta = k.id_klienta;"
      }
     ,"Layout":{
        "Sequence":10
       ,"Parent Region":"No Parent"
       ,"Position":"BODY"
       ,"Start New Layout":false
       ,"Start New Row":true
       ,"Column":"Automatic"
       ,"New Column":true
       ,"Column Span":"Automatic"
      }
     ,"Appearance":{
        "Template":"Interactive Report (19246716927069224100)"
       ,"Template Options":[
          "#DEFAULT#"
        ]
       ,"Render Components":"Above Content"
      }
     ,"Accessibility":{
        "Use Landmark":true
       ,"Landmark Type":"Template Default"
      }
     ,"Advanced":{
        "Region Display Selector":false
       ,"Exclude Title from Translation":false
      }
     ,"Server Cache":{
        "Caching":"Disabled"
      }
     ,"Customization":{
        "Customizable":"Not Customizable By End Users"
      }
     ,"Attributes":{
        "id":"19246929855627224305"
       ,"Link":{
          "Link Column":"Exclude Link Column"
        }
       ,"Pagination":{
          "Type":"Row Ranges X to Y"
         ,"Display Position":"Bottom - Right"
        }
       ,"Performance":{
          "Lazy Loading":false
        }
       ,"Messages":{
          "When No Data Found":"No data found."
         ,"When More Data Found":"The maximum row count for this report is #MAX_ROW_COUNT# rows.  Please apply a filter to reduce the number of records in your query."
        }
       ,"Search Bar":{
          "Include Search Bar":true
         ,"Search Field":true
         ,"Finder Drop Down":true
         ,"Reports Select List":true
         ,"Rows Per Page Selector":false
        }
       ,"Actions Menu":{
          "Include Actions Menu":true
         ,"Filter":true
         ,"Select Columns":true
         ,"Rows Per Page":true
         ,"Sort":true
         ,"Control Break":true
         ,"Highlight":true
         ,"Compute":true
         ,"Aggregate":true
         ,"Chart":true
         ,"Group By":true
         ,"Pivot":true
         ,"Flashback":true
         ,"Save Report":true
         ,"Save Public Report":true
         ,"Reset":true
         ,"Help":true
         ,"Download":true
         ,"Subscription":true
        }
       ,"Download":{
          "Formats":[
            "CSV"
           ,"HTML"
           ,"Excel"
           ,"PDF"
          ]
         ,"Send as Email":true
        }
       ,"Heading":{
          "Fixed To":"Page"
        }
       ,"Icon View":{
          "Show":false
        }
       ,"Detail View":{
          "Show":false
        }
       ,"Saved Reports":[
          {
            "id":"19246955665853224819"
           ,"Identification":{
              "Name":"Primary Report"
             ,"Alias":"192469557"
            }
          }
        ]
       ,"Columns":[
          {
            "id":"20523382290871516425"
           ,"Identification":{
              "Column Name":"IMIE"
             ,"Type":"Plain Text"
            }
           ,"Heading":{
              "Heading":"Imie"
             ,"Alignment":"start"
            }
           ,"Single Row View":{
              "Use Column Heading":true
            }
           ,"Layout":{
              "Sequence":24
             ,"Column Alignment":"start"
            }
           ,"Accessibility":{
              "Value Identifies Row":false
            }
           ,"Source":{
              "Primary Key":false
            }
           ,"Column Filter":{
              "Type":"Default Based on Column Type"
            }
           ,"Enable Users To":{
              "Hide":true
             ,"Sort":true
             ,"Filter":true
             ,"Highlight":true
             ,"Control Break":true
             ,"Aggregate":true
             ,"Compute":true
             ,"Chart":true
             ,"Group By":true
             ,"Pivot":true
            }
           ,"Security":{
              "Escape special characters":true
            }
          }
         ,{
            "id":"20523382388945516426"
           ,"Identification":{
              "Column Name":"NAZWISKO"
             ,"Type":"Plain Text"
            }
           ,"Heading":{
              "Heading":"Nazwisko"
             ,"Alignment":"start"
            }
           ,"Single Row View":{
              "Use Column Heading":true
            }
           ,"Layout":{
              "Sequence":34
             ,"Column Alignment":"start"
            }
           ,"Accessibility":{
              "Value Identifies Row":false
            }
           ,"Source":{
              "Primary Key":false
            }
           ,"Column Filter":{
              "Type":"Default Based on Column Type"
            }
           ,"Enable Users To":{
              "Hide":true
             ,"Sort":true
             ,"Filter":true
             ,"Highlight":true
             ,"Control Break":true
             ,"Aggregate":true
             ,"Compute":true
             ,"Chart":true
             ,"Group By":true
             ,"Pivot":true
            }
           ,"Security":{
              "Escape special characters":true
            }
          }
         ,{
            "id":"20523382406719516427"
           ,"Identification":{
              "Column Name":"NUMER_TELEFONU"
             ,"Type":"Plain Text"
            }
           ,"Heading":{
              "Heading":"Numer Telefonu"
             ,"Alignment":"end"
            }
           ,"Single Row View":{
              "Use Column Heading":true
            }
           ,"Layout":{
              "Sequence":44
             ,"Column Alignment":"end"
            }
           ,"Accessibility":{
              "Value Identifies Row":false
            }
           ,"Source":{
              "Primary Key":false
            }
           ,"Column Filter":{
              "Type":"Default Based on Column Type"
            }
           ,"Enable Users To":{
              "Hide":true
             ,"Sort":true
             ,"Filter":true
             ,"Highlight":true
             ,"Control Break":true
             ,"Aggregate":true
             ,"Compute":true
             ,"Chart":true
             ,"Group By":true
             ,"Pivot":true
            }
           ,"Security":{
              "Escape special characters":true
            }
          }
         ,{
            "id":"20523382789894516430"
           ,"Identification":{
              "Column Name":"ID_BLATU"
             ,"Type":"Plain Text"
            }
           ,"Heading":{
              "Heading":"Id Blatu"
             ,"Alignment":"end"
            }
           ,"Single Row View":{
              "Use Column Heading":true
            }
           ,"Layout":{
              "Sequence":54
             ,"Column Alignment":"end"
            }
           ,"Accessibility":{
              "Value Identifies Row":false
            }
           ,"Source":{
              "Primary Key":false
            }
           ,"Column Filter":{
              "Type":"Default Based on Column Type"
            }
           ,"Enable Users To":{
              "Hide":true
             ,"Sort":true
             ,"Filter":true
             ,"Highlight":true
             ,"Control Break":true
             ,"Aggregate":true
             ,"Compute":true
             ,"Chart":true
             ,"Group By":true
             ,"Pivot":true
            }
           ,"Security":{
              "Escape special characters":true
            }
          }
         ,{
            "id":"20523382812293516431"
           ,"Identification":{
              "Column Name":"WYMIAR_X_WYCINKA"
             ,"Type":"Plain Text"
            }
           ,"Heading":{
              "Heading":"Wymiar X Wycinka"
             ,"Alignment":"end"
            }
           ,"Single Row View":{
              "Use Column Heading":true
            }
           ,"Layout":{
              "Sequence":64
             ,"Column Alignment":"end"
            }
           ,"Accessibility":{
              "Value Identifies Row":false
            }
           ,"Source":{
              "Primary Key":false
            }
           ,"Column Filter":{
              "Type":"Default Based on Column Type"
            }
           ,"Enable Users To":{
              "Hide":true
             ,"Sort":true
             ,"Filter":true
             ,"Highlight":true
             ,"Control Break":true
             ,"Aggregate":true
             ,"Compute":true
             ,"Chart":true
             ,"Group By":true
             ,"Pivot":true
            }
           ,"Security":{
              "Escape special characters":true
            }
          }
         ,{
            "id":"20523382972801516432"
           ,"Identification":{
              "Column Name":"WYMIAR_Y_WYCINKA"
             ,"Type":"Plain Text"
            }
           ,"Heading":{
              "Heading":"Wymiar Y Wycinka"
             ,"Alignment":"end"
            }
           ,"Single Row View":{
              "Use Column Heading":true
            }
           ,"Layout":{
              "Sequence":74
             ,"Column Alignment":"end"
            }
           ,"Accessibility":{
              "Value Identifies Row":false
            }
           ,"Source":{
              "Primary Key":false
            }
           ,"Column Filter":{
              "Type":"Default Based on Column Type"
            }
           ,"Enable Users To":{
              "Hide":true
             ,"Sort":true
             ,"Filter":true
             ,"Highlight":true
             ,"Control Break":true
             ,"Aggregate":true
             ,"Compute":true
             ,"Chart":true
             ,"Group By":true
             ,"Pivot":true
            }
           ,"Security":{
              "Escape special characters":true
            }
          }
         ,{
            "id":"20523383070321516433"
           ,"Identification":{
              "Column Name":"dlugosc_blatu_z_magazynu"
             ,"Type":"Plain Text"
            }
           ,"Heading":{
              "Heading":"Dlugosc Blatu Z Magazynu"
             ,"Alignment":"end"
            }
           ,"Single Row View":{
              "Use Column Heading":true
            }
           ,"Layout":{
              "Sequence":84
             ,"Column Alignment":"end"
            }
           ,"Accessibility":{
              "Value Identifies Row":false
            }
           ,"Source":{
              "Primary Key":false
            }
           ,"Column Filter":{
              "Type":"Default Based on Column Type"
            }
           ,"Enable Users To":{
              "Hide":true
             ,"Sort":true
             ,"Filter":true
             ,"Highlight":true
             ,"Control Break":true
             ,"Aggregate":true
             ,"Compute":true
             ,"Chart":true
             ,"Group By":true
             ,"Pivot":true
            }
           ,"Security":{
              "Escape special characters":true
            }
          }
         ,{
            "id":"20523383136754516434"
           ,"Identification":{
              "Column Name":"szerokosc_blatu_z_magazynu"
             ,"Type":"Plain Text"
            }
           ,"Heading":{
              "Heading":"Szerokosc Blatu Z Magazynu"
             ,"Alignment":"end"
            }
           ,"Single Row View":{
              "Use Column Heading":true
            }
           ,"Layout":{
              "Sequence":94
             ,"Column Alignment":"end"
            }
           ,"Accessibility":{
              "Value Identifies Row":false
            }
           ,"Source":{
              "Primary Key":false
            }
           ,"Column Filter":{
              "Type":"Default Based on Column Type"
            }
           ,"Enable Users To":{
              "Hide":true
             ,"Sort":true
             ,"Filter":true
             ,"Highlight":true
             ,"Control Break":true
             ,"Aggregate":true
             ,"Compute":true
             ,"Chart":true
             ,"Group By":true
             ,"Pivot":true
            }
           ,"Security":{
              "Escape special characters":true
            }
          }
        ]
       ,"Printing":{
          "Output":{
            "View File As":"Attachment"
          }
         ,"Page":{
            "Size":"Letter"
           ,"Orientation":"Landscape"
           ,"Units":"Inches"
           ,"Width":11
           ,"Height":8.5
           ,"Border Width":0.5
           ,"Border Color":"#666666"
          }
         ,"Page Header":{
            "Font":"Helvetica"
           ,"Font Weight":"Normal"
           ,"Font Size":12
           ,"Font Color":"#000000"
           ,"Alignment":"center"
           ,"Page Header Text":"Wykonane ciecia dla klient\u00F3w"
          }
         ,"Column Headings":{
            "Font":"Helvetica"
           ,"Font Weight":"Bold"
           ,"Font Size":10
           ,"Font Color":"#000000"
           ,"Background Color":"#EEEEEE"
          }
         ,"Columns":{
            "Font":"Helvetica"
           ,"Font Weight":"Normal"
           ,"Font Size":10
           ,"Font Color":"#000000"
           ,"Background Color":"#FFFFFF"
          }
         ,"Page Footer":{
            "Font":"Helvetica"
           ,"Font Weight":"Normal"
           ,"Font Size":12
           ,"Font Color":"#000000"
           ,"Alignment":"center"
          }
        }
      }
    }
   ,{
      "id":"19246933101297224398"
     ,"Identification":{
        "Title":"Breadcrumb"
       ,"Type":"Breadcrumb"
      }
     ,"Source":{
        "Breadcrumb":"Breadcrumb (19246623422197224058)"
      }
     ,"Layout":{
        "Sequence":20
       ,"Parent Region":"No Parent"
       ,"Position":"REGION_POSITION_01"
       ,"Start New Layout":false
       ,"Start New Row":true
       ,"Column":"Automatic"
       ,"New Column":true
       ,"Column Span":"Automatic"
      }
     ,"Appearance":{
        "Template":"Title Bar (19246739169916224109)"
       ,"Template Options":[
          "#DEFAULT#"
         ,"t-BreadcrumbRegion--useBreadcrumbTitle"
        ]
       ,"Render Components":"Above Content"
      }
     ,"Accessibility":{
        "Use Landmark":true
       ,"Landmark Type":"Template Default"
      }
     ,"Advanced":{
        "Region Display Selector":false
       ,"Exclude Title from Translation":false
      }
     ,"Server Cache":{
        "Caching":"Disabled"
      }
     ,"Customization":{
        "Customizable":"Not Customizable By End Users"
      }
     ,"Attributes":{
        "Appearance":{
          "Breadcrumb Template":"Breadcrumb (19246801919712224138)"
         ,"Template Options":[
            "#DEFAULT#"
          ]
        }
      }
    }
  ]
 ,"Buttons":[
    {
      "id":"19246932368276224397"
     ,"Identification":{
        "Button Name":"RESET_REPORT"
       ,"Label":"Reset"
      }
     ,"Layout":{
        "Sequence":10
       ,"Region":"Ciecia (19246929743268224305)"
       ,"Position":"RIGHT_OF_IR_SEARCH_BAR"
       ,"Start New Layout":false
       ,"Start New Row":true
       ,"Column":"Automatic"
       ,"New Column":true
       ,"Column Span":"Automatic"
      }
     ,"Appearance":{
        "Button Template":"Text with Icon (19246800444141224137)"
       ,"Hot":false
       ,"Template Options":[
          "t-Button--iconLeft"
        ]
       ,"Icon":"fa-undo-alt"
      }
     ,"Behavior":{
        "Action":"Redirect to Page in this Application"
       ,"Target":{
          "url":"f?p=\u0026APP_ID.:3:\u0026APP_SESSION.::\u0026DEBUG.:RR::"
         ,"Page":"3"
         ,"Clear Cache":"RR"
        }
       ,"Warn on Unsaved Changes":"Do Not Check"
      }
    }
  ]
}
